offset_hz,decimator_mag_db,post_10k_fir_mag_db,combined_mag_db
0.0,0.0,-7.907485225737314e-13,-7.907485225737314e-13
250.0,-2.3116011020589196e-06,-0.006468604768977443,-0.006470916370079592
500.0,-9.214270793590598e-06,-0.025921561540121086,-0.025930775810914627
750.0,-2.0611793140692175e-05,-0.05849977663613409,-0.05852038842927479
1000.0,-3.634442445483019e-05,-0.10443637727147817,-0.10447272169593272
1250.0,-5.618981616578461e-05,-0.16405420638324272,-0.16411039619940881
1500.0,-7.98643044257725e-05,-0.23776245103910273,-0.23784231534352857
1750.0,-0.00010702456373944514,-0.32605253114063343,-0.3261595557043726
2000.0,-0.00013726962143424762,-0.42949339946847764,-0.4296306690899115
2250.0,-0.0001701432289094747,-0.5487264209625355,-0.5488965641914454
2500.0,-0.0002051365850269944,-0.6844600082036341,-0.6846651447886616
2750.0,-0.00024169140616074234,-0.8374641916420871,-0.8377058830482476
3000.0,-0.00027920333681645705,-1.0085652979773323,-1.0088445013141485
3250.0,-0.0003170256940009939,-1.1986408993891342,-1.1989579250831348
3500.0,-0.00035447353778322085,-1.4086151814646262,-1.4089696550024091
3750.0,-0.0003908280599107277,-1.6394548601841081,-1.6398456882440182
4000.0,-0.0004253412815609213,-1.8921657597439878,-1.8925911010255483
4250.0,-0.0004572410507001971,-2.167790144726952,-2.168247385777652
4500.0,-0.0004857363289311984,-2.4674048834271813,-2.467890619756113
4750.0,-0.0005100227569089454,-2.792120505045438,-2.792630527802347
5000.0,-0.0005292884869518513,-3.143081202818915,-3.143610491305866
5250.0,-0.0005427202708391731,-3.521465828589502,-3.5220085488603416
5500.0,-0.000549509790080782,-3.9284899223404466,-3.9290394321305278
5750.0,-0.0005488602155305577,-4.3654088232580115,-4.365957683473543
6000.0,-0.0005399929826184113,-4.83352191729797,-4.834061910280588
6250.0,-0.0005221547678308299,-5.334178090518086,-5.334700245285916
6500.0,-0.0004946246518541622,-5.868782478194106,-5.86927710284596
6750.0,-0.00045672145399312043,-6.438804627851122,-6.439261349305116
7000.0,-0.00040781122229949923,-7.045788231086778,-7.046196042309077
7250.0,-0.00034731486326788544,-7.691362626267622,-7.69170994113089
7500.0,-0.00027471589467064684,-8.377256334448226,-8.377531050342897
7750.0,-0.00018956830467708,-9.105312967873306,-9.105502536177983
8000.0,-9.150450017477756e-05,-9.877509949359748,-9.877601453859922
8250.0,1.9756673104028422e-05,-10.695980609036596,-10.695960852363491
8500.0,0.00014440185635553716,-11.563040392728647,-11.56289599087229
8750.0,0.0002825150671119387,-12.481218138560484,-12.480935623493373
9000.0,0.00043406957036277435,-13.453293676625835,-13.452859607055474
9250.0,0.0005989197493903109,-14.482343412323626,-14.481744492574236
9500.0,0.000776792994578447,-15.571796114105105,-15.571019321110528
9750.0,0.000967281628300224,-16.725501911912865,-16.724534630284566
10000.0,0.0011698348841219278,-17.947818633071726,-17.946648798187606
10250.0,0.0013837509582725512,-19.24372123039921,-19.242337479440938
10500.0,0.0016081691515438946,-20.618942471082274,-20.61733430193073
10750.0,0.0018420621191275488,-22.080156714642914,-22.078314652523787
11000.0,0.0020842282462826176,-23.635224297349808,-23.633140069103522
11250.0,0.0023332841668132795,-25.293523135118242,-25.291189850951433
11500.0,0.002587657441565146,-27.066409164898847,-27.06382150745728
11750.0,0.0028455794133718853,-28.96787292619188,-28.96502734677851
12000.0,0.0031050782547592287,-31.015505414229327,-31.012400335974565
12250.0,0.0033639722240298444,-33.23197223801572,-33.22860826579169
12500.0,0.0036198631449624605,-35.64736579436684,-35.64374593122188
12750.0,0.0038701301247615416,-38.30316905966379,-38.299298929539034
13000.0,0.004111923524268061,-41.25941113181159,-41.25529920828732
13250.0,0.004342159193800291,-44.60879568502157,-44.604453525827765
13500.0,0.0045575129873295026,-48.5082196673597,-48.50366215437237
13750.0,0.004754415566952839,-53.262792780392985,-53.258038364826035
14000.0,0.004929047508792493,-59.62595422589433,-59.62102517838553
14250.0,0.005077334720756016,-70.83732911067763,-70.83225177595688
14500.0,0.005194944181713278,-75.14239862589197,-75.13720368171026
14750.0,0.005277280010668318,-67.72596843351756,-67.7206911535069
15000.0,0.0053194798739072385,-66.35827633121468,-66.35295685134078
15250.0,0.005316411736778769,-67.189847514511,-67.18453110277422
15500.0,0.005262670966302601,-69.82515367135204,-69.81989100038574
15750.0,0.005152577789310088,-75.22810126220855,-75.22294868441924
16000.0,0.004980175110536905,-95.70837625054352,-95.70339607543298
16250.0,0.004739226693308161,-77.9041594826777,-77.8994202559844
16500.0,0.004423215705323738,-72.26152206254376,-72.25709884683843
16750.0,0.004025343630347266,-69.77411048006243,-69.77008513643209
17000.0,0.0035385295462140747,-68.72548002821033,-68.72194149866411
17250.0,0.0029554097680757107,-68.6566327800426,-68.65367737027452
17500.0,0.0022683378553563847,-69.45078507934366,-69.4485167414883
17750.0,0.0014693849795212573,-71.20377312150728,-71.20230373652775
18000.0,0.0005503406491599698,-74.34430604119879,-74.34375570054964
18250.0,-0.0004972862123106441,-80.50110198496435,-80.50159927117667
18500.0,-0.0016822658416325007,-101.33313643460303,-101.33481870044466
18750.0,-0.0030136458697529772,-79.22758234897101,-79.23059599484075
19000.0,-0.004500749221997147,-73.94541616054768,-73.94991690976967
19250.0,-0.006153171692296419,-71.14345451122318,-71.14960768291549
19500.0,-0.007980779200138005,-69.5194444289626,-69.52742520816274
19750.0,-0.009993704739636419,-68.66171339116917,-68.67170709590881
20000.0,-0.012202345030753327,-68.40466952938101,-68.41687187441175
20250.0,-0.014617356883410556,-68.69109856333549,-68.70571592021888
20500.0,-0.017249653285795658,-69.53806747928465,-69.55531713257044
20750.0,-0.02011039922867524,-71.04857612786148,-71.06868652709015
21000.0,-0.0232110072781255,-73.48723485283548,-73.5104458601136
21250.0,-0.026563132909389244,-77.58418682138519,-77.61074995429458
21500.0,-0.03017866961521319,-86.69321010035924,-86.72338876997446
21750.0,-0.03406974380209376,-87.786655352583,-87.8207250963851
22000.0,-0.038248709488423314,-78.1046677653549,-78.14291647484332
22250.0,-0.04272814281856212,-73.97574695687469,-74.01847509969325
22500.0,-0.047520836407309947,-71.5648536884335,-71.61237452484082
22750.0,-0.05263979352918466,-70.0791722009949,-70.13181199452409
23000.0,-0.058098222167145414,-69.22608110203583,-69.28417932420298
23250.0,-0.06390952893551081,-68.87713082534759,-68.9410403542831
23500.0,-0.07008731289170217,-68.98098594153905,-69.05107325443075
23750.0,-0.07664535925148645,-69.53756760271244,-69.61421296196393
24000.0,-0.08359763302242987,-70.59845987723256,-70.68205751025499
24250.0,-0.09095827256997714,-72.29409181758118,-72.38505009015117
24500.0,-0.09874158313049872,-74.92497618844118,-75.02371777157167
24750.0,-0.10696203028551518,-79.31912826682449,-79.42609029711001
25000.0,-0.11563423341105003,-89.68147792236041,-89.79711215577147
25250.0,-0.12477295911571729,-87.33941360855937,-87.46418656767509
25500.0,-0.13439311468100607,-78.74942820683438,-78.88382132151538
25750.0,-0.14450974151678825,-74.82756985408345,-74.97207959560025
26000.0,-0.15513800864477514,-72.47975650898391,-72.6348945176287
26250.0,-0.16629320622231775,-70.99755985833693,-71.16385306455925
26500.0,-0.1779907391183794,-70.11022242137147,-70.28821316048986
26750.0,-0.1902461205534472,-69.69529067416136,-69.88553679471481
27000.0,-0.2030749658141773,-69.7001281279295,-69.90320309374367
27250.0,-0.2164929860537359,-70.11686957601133,-70.33336256206506
27500.0,-0.23051598218781277,-70.97924288514702,-71.20975886733483
27750.0,-0.24515983889617254,-72.37795204041218,-72.62311187930835
28000.0,-0.260440518738836,-74.51216967376432,-74.77261019250315
28250.0,-0.2763740563958295,-77.86124556828861,-78.13761962468443
28500.0,-0.29297655303860626,-84.03693496659517,-84.32991151963378
28750.0,-0.3102641708409993,-107.67029556645224,-107.98055973729322
29000.0,-0.32825312763692305,-83.10913725890498,-83.4373903865419
29250.0,-0.34695969173167024,-77.61771986548466,-77.96467955721634
29500.0,-0.3664001768730299,-74.59209187307076,-74.95849204994379
29750.0,-0.38659093738809525,-72.68880689256234,-73.07539782995043
30000.0,-0.40754836349104034,-71.48098376796429,-71.88853213145534
30250.0,-0.42928887676675637,-70.78573540884241,-71.21502428560918
30500.0,-0.4518289258347735,-70.51784548652589,-70.96967441236065
30750.0,-0.4751849821973689,-70.64425565231926,-71.11944063451662
31000.0,-0.499373536275419,-71.16996845824636,-71.66934199452177
31250.0,-0.52441109363507,-72.14016442033572,-72.66457551397079
31500.0,-0.5503141714079265,-73.66061998905424,-74.21093416046216
31750.0,-0.5770992949070286,-75.96014063916004,-76.53723993406706
32000.0,-0.6047829944405536,-79.60536066908384,-80.21014366352438
32250.0,-0.6333818023247539,-86.69647150385319,-87.32985330617795
32500.0,-0.6629122500973497,-97.49499392370257,-98.15790617379992
32750.0,-0.6933908659322434,-82.9100477251072,-83.60343859103946
33000.0,-0.7248341722560997,-78.00664130010803,-78.73147547236412
33250.0,-0.7572586835671042,-75.19710797612555,-75.95436665969265
33500.0,-0.7906809044558089,-73.4052962871034,-74.1959771915592
33750.0,-0.8251173278278278,-72.2636616343457,-73.08877896217352
34000.0,-0.8605844333279296,-71.610000358209,-72.47058479153694
34250.0,-0.8970986859646989,-71.36809051702105,-72.26518920298574
34500.0,-0.9346765349348447,-71.50921337283967,-72.4438899077745
34750.0,-0.9733344126461557,-72.0403615236565,-73.01369593630267
35000.0,-1.013088733937623,-73.00704533854922,-74.02013407248684
35250.0,-1.0539558954954473,-74.51337363033792,-75.56732952583337
35500.0,-1.0959522754632616,-76.78220652202636,-77.87815879748962
35750.0,-1.1390942332449676,-80.35916376335223,-81.4982579965972
36000.0,-1.1833981094983026,-87.21501935167674,-88.39841746117506
36250.0,-1.228880226317367,-100.00928768264158,-101.23816790895894
36500.0,-1.2755568876020849,-84.09055667190441,-85.36611355950647
36750.0,-1.3234443796127284,-79.05012539024216,-80.3735697698549
37000.0,-1.3725589717073534,-76.17738607129435,-77.5499450430017
37250.0,-1.4229169172602623,-74.34122754781825,-75.76414446507852
37500.0,-1.4745344547592487,-73.16098918919697,-74.63552364395622
37750.0,-1.5274278090798363,-72.46925220656158,-73.99668001564142
38000.0,-1.5816131929342983,-72.18666735022528,-73.76828054315958
38250.0,-1.6371068084935585,-72.28167240907233,-73.91877921756588
38500.0,-1.6939248491800627,-72.75759975190977,-74.45152460108983
38750.0,-1.7520835016297343,-73.65399327780605,-75.40607677943578
39000.0,-1.8115989478211723,-75.06335851864144,-76.87495746646262
39250.0,-1.8724873673705142,-77.18134306349948,-79.05383043087
39500.0,-1.9347649399901665,-80.4693644955542,-82.40412943554438
39750.0,-1.9984478481100592,-86.43720667168475,-88.4356545197948
40000.0,-2.0635522796599743,-121.13243252601998,-123.19598480567996
40250.0,-2.1300944310116128,-86.23084190248059,-88.36093633349222
40500.0,-2.1980905100794548,-80.52731737458822,-82.72540788466767
40750.0,-2.2675567395791996,-77.39852767162591,-79.66608441120512
41000.0,-2.3385093604432607,-75.4129399863855,-77.75144934682875
41250.0,-2.4109646353923746,-74.12454618835844,-76.53551082375083
41500.0,-2.484938852663056,-73.34257560583353,-75.82751445849658
41750.0,-2.560448329890515,-72.97629822054236,-75.53674655043287
42000.0,-2.637509418147008,-72.9866352675813,-75.6241446857283
42250.0,-2.7161385061356573,-73.36988212703605,-76.0860206331717
42500.0,-2.796352024540165,-74.1563214025768,-76.95267342711696
42750.0,-2.8781664505308853,-75.42245960162495,-78.30062605215583
43000.0,-2.9615983124280842,-77.32916859054012,-80.2907669029682
43250.0,-3.0466641945234096,-80.23874740673043,-83.28541160125383
43500.0,-3.1333807420608597,-85.20378919141264,-88.33716993347349
43750.0,-3.2217646663787116,-99.38216413856891,-102.60392880494763
44000.0,-3.31183275021435,-89.51907599522326,-92.83090874543761
44250.0,-3.403601853173959,-82.41721226190808,-85.82081411508204
44500.0,-3.4970889173695436,-78.83350350406347,-82.33059242143301
44750.0,-3.5923109732259206,-76.60365132829996,-80.19596230152588
45000.0,-3.6892851454607434,-75.14934847969934,-78.83863362516007
45250.0,-3.7880286592407373,-74.23650450294426,-78.02453316218501
45500.0,-3.8885588465180887,-73.75489173962049,-77.64345058613858
45750.0,-3.990893152550678,-73.65387594275374,-77.64476909530443
46000.0,-4.095049142610796,-73.92034919294913,-78.01539833555994
46250.0,-4.201044508887067,-74.57375210776107,-78.77479661664813
46500.0,-4.308897077584594,-75.6736032731815,-79.9825003507661
46750.0,-4.41862481622919,-77.34662924076636,-81.76525405699553
47000.0,-4.530245841181421,-79.86649404735103,-84.39673988853244
47250.0,-4.64377842536717,-83.94479559922925,-88.58857402459641
47500.0,-4.759241006231508,-92.69199611629716,-97.45123712252865
47750.0,-4.876652193923382,-95.05848188265729,-99.93513407658068
48000.0,-4.996030779719132,-84.82508606666184,-89.82111684638097
48250.0,-5.11739574469309,-80.50847801648845,-85.62587376118157
48500.0,-5.240766268644727,-77.92600949031151,-83.16677575895623
48750.0,-5.366161739291586,-76.24754831514917,-81.61371005444074
49000.0,-5.493601761738587,-75.1665645545621,-80.66016631630069
49250.0,-5.623106168234506,-74.54298558797664,-80.16609175621115
49500.0,-5.7546950282272915,-74.3101055803119,-80.06480060853919
49750.0,-5.888388658730599,-74.44325911925877,-80.33164777798937
50000.0,-6.024207635014679,-74.95022013663566,-80.97442777165034
50250.0,-6.162172801635506,-75.8741316127647,-82.03630441440019
50500.0,-6.302305283817121,-77.31160946714256,-83.6139147509597
50750.0,-6.444626499202609,-79.46545972706517,-85.91008622626777
51000.0,-6.589158169990737,-82.81648712503215,-89.4056452950229
51250.0,-6.735922335475556,-88.9714252558676,-95.70734759134317
51500.0,-6.884941365008126,-113.01356104193394,-119.89850240694207
51750.0,-7.0362379713999825,-88.04125063125888,-95.07748860265886
52000.0,-7.189835224789575,-82.49595986307007,-89.68579508785965
52250.0,-7.345756566994065,-79.41225488787683,-86.75801145487091
52500.0,-7.504025826370327,-77.44067523225581,-84.94470105862615
52750.0,-7.664667233210346,-76.15194893642649,-83.81661616963683
53000.0,-7.827705435697871,-75.36066917305918,-83.18837460875704
53250.0,-7.993165516454651,-74.97798808816985,-82.9711536046245
53500.0,-8.161073009706781,-74.96510545181619,-83.12617846152295
53750.0,-8.331453919102957,-75.31738989349343,-83.6488438125964
54000.0,-8.50433473621905,-76.06266387518671,-84.56699861140577
54250.0,-8.679742459785228,-77.272122472022,-85.95186493180722
54500.0,-8.857704615674248,-79.09446859307953,-87.95217320875378
54750.0,-9.03824927769217,-81.8583081543727,-90.89655743206485
55000.0,-9.22140508921515,-86.47823462177644,-95.69963971099158
55250.0,-9.407201285719037,-98.08327579066508,-107.49047707638412
55500.0,-9.595667718251542,-92.8785031642309,-102.47417088248244
55750.0,-9.786834877899942,-84.93848149902634,-94.72531637692627
56000.0,-9.980733921311016,-81.1161230966539,-91.09685701796492
56250.0,-10.177396697323452,-78.75869049310063,-88.93608719042408
56500.0,-10.376855774777587,-77.21466086584495,-87.59151664062253
56750.0,-10.579144471571029,-76.22747600428548,-86.8066204758565
57000.0,-10.784296885034408,-75.67701361293066,-86.46131049796507
57250.0,-10.99234792370597,-75.50668208345232,-86.4990300071583
57500.0,-11.203333340589698,-75.69830148656789,-86.9016348271576
57750.0,-11.417289767987608,-76.26521889003396,-87.68250865802158
58000.0,-11.634254754003528,-77.25732058938787,-88.89157534339141
58250.0,-11.854266800822602,-78.78247680572522,-90.63674360654784
58500.0,-12.077365404879032,-81.06841624478454,-93.14578164966356
58750.0,-12.303591099031912,-84.6722790167689,-96.97587011580082
59000.0,-12.532985496879546,-91.6277542621157,-104.16073975899525
59250.0,-12.765591339351452,-103.38810067179766,-116.1536920111491
59500.0,-13.001452543728718,-88.1317215978902,-101.13317414161892
59750.0,-13.240614255254751,-83.1252629126389,-96.36587716789364
60000.0,-13.483122901511956,-80.24295724622621,-93.72608014773817
60250.0,-13.729026249753595,-78.38065233048104,-92.10967858023463
60500.0,-13.97837346739496,-77.16334327274626,-91.14171674014122
60750.0,-14.231215185886644,-76.42480611927623,-90.65602130516288
61000.0,-14.487603568208678,-76.08503111384202,-90.5726346820507
61250.0,-14.74759238024729,-76.11029529386914,-90.85788767411644
61500.0,-15.011237066336065,-76.49973430063176,-91.51097136696782
61750.0,-15.278594829269682,-77.28502914436388,-92.56362397363355
62000.0,-15.549724715124214,-78.54293180592362,-94.09265652104781
62250.0,-15.82468770324853,-80.43295898228422,-96.25764668553275
62500.0,-16.103546801824024,-83.31195889834581,-99.41550570016983
62750.0,-16.38636714942689,-88.20774591512645,-104.59411306455334
63000.0,-16.6732161230663,-101.85224454917935,-118.52546067224566
63250.0,-16.96416345321852,-92.83968975529342,-109.80385320851195
63500.0,-17.25928134642466,-85.59377266717794,-102.8530540136026
63750.0,-17.558644616077167,-81.95367827950349,-99.51232289558065
64000.0,-17.862330822079613,-79.68249662650472,-97.54482744858434
64250.0,-18.170420420135184,-78.1901472156892,-96.36056763582438
64500.0,-18.482996921494436,-77.23850887638238,-95.72150579787683
64750.0,-18.80014706407958,-76.7150783113241,-95.51522537540367
65000.0,-19.121960995999004,-76.56718873092402,-95.689149726923
65250.0,-19.448532472573284,-76.7791742314782,-96.22770670405147
65500.0,-19.779959068116533,-77.36650625960007,-97.1464653277166
65750.0,-20.116342403853423,-78.38159127418325,-98.49793367803667
66000.0,-20.45778839350726,-79.93647811722371,-100.39426651073097
66250.0,-20.80440750827013,-82.26825794449726,-103.07266545276741
66500.0,-21.156315063064596,-85.96373340591,-107.1200484689746
66750.0,-21.51363152623162,-93.23913352807266,-114.75276505430428
67000.0,-21.876482855037956,-102.55495775643757,-124.43144061147552
67250.0,-22.245000859687757,-88.8338293837554,-111.07883024344315
67500.0,-22.61932359885968,-83.98590962154955,-106.60523322040923
67750.0,-22.999595810175006,-81.16422176641436,-104.16381757658938
68000.0,-23.385969379445285,-79.33388893913792,-102.71985831858322
68250.0,-23.77860385305437,-78.13625915471538,-101.91486300776974
68500.0,-24.177666998423106,-77.4110244552868,-101.58869145370993
68750.0,-24.583335418180866,-77.08089085299832,-101.66422627117919
69000.0,-24.995795224464565,-77.11362873256252,-102.10942395702709
69250.0,-25.41524278068675,-77.50936819049116,-102.92461097117791
69500.0,-25.841885519192765,-78.30065046844267,-104.14253598763544
69750.0,-26.275942844492448,-79.56528079615082,-105.84122364064328
70000.0,-26.71764713323944,-81.46464407712779,-108.18229121036723
70250.0,-27.16724484388997,-84.36033976882301,-111.52758461271299
70500.0,-27.624997751049854,-89.29959595755732,-116.92459370860716
70750.0,-28.09118432200096,-103.3391580258525,-131.43034234785344
71000.0,-28.56610125584961,-93.65929290415359,-122.22539416000319
71250.0,-29.050065209287894,-86.50718723263437,-115.55725244192226
71500.0,-29.543414737225522,-82.89034651928043,-112.43376125650596
71750.0,-30.04651248171609,-80.62801467598027,-110.67452715769636
72000.0,-30.559747648879238,-79.13893454510568,-109.69868219398492
72250.0,-31.083538821186192,-78.18763912159116,-109.27117794277736
72500.0,-31.618337161894864,-77.66266013853598,-109.28099730043085
72750.0,-32.16463008004593,-77.51176050763026,-109.67639058767618
73000.0,-32.72294543887641,-77.71939449259337,-110.44233993146976
73250.0,-33.29385640854791,-78.30091263484567,-111.59476904339358
73500.0,-33.87798708679404,-79.30828801586438,-113.18627510265843
73750.0,-34.47601903983893,-80.8525222641594,-115.32854130399832
74000.0,-35.088698952618564,-83.16801626642311,-118.25671521904168
74250.0,-35.716847624509086,-86.83263235506318,-122.54947997957228
74500.0,-36.36137060791241,-94.00599926476295,-130.36736987267537
74750.0,-37.02327086704037,-104.00666927495188,-141.02994014199223
75000.0,-37.703663939866445,-89.86409013936023,-127.56775407922666
75250.0,-38.40379622710842,-84.964559862605,-123.36835608971342
75500.0,-39.125067222143215,-82.11899951346247,-121.24406673560568
75750.0,-39.86905675505862,-80.27252862437807,-120.1415853794367
76000.0,-40.63755868246233,-79.06164979475315,-119.69920847721546
76250.0,-41.43262295698209,-78.32419367374108,-119.75681663072316
76500.0,-42.25660872500611,-77.98186772736814,-120.23847645237426
76750.0,-43.11225213495112,-78.00168430672274,-121.11393644167386
77000.0,-44.002754060939154,-78.38295379940787,-122.38570786034703
77250.0,-44.93189523496569,-79.15703509169839,-124.08893032666407
77500.0,-45.904189796850154,-80.39962540913258,-126.30381520598272
77750.0,-46.92509381069111,-82.26756926850074,-129.19266307919185
78000.0,-48.00129427145968,-85.11005842579131,-133.111352697251
78250.0,-49.1411191359736,-89.92289531979469,-139.0640144557683
78500.0,-50.355134948371266,-102.93523510016387,-153.29037004853515
78750.0,-51.65704573212021,-95.00285111058523,-146.65989684270545
79000.0,-53.06509634446806,-87.57430315186609,-140.63939949633414
79250.0,-54.60436393683195,-83.87680983292344,-138.4811737697554
79500.0,-56.310711736812834,-81.5718258154146,-137.88253755222743
79750.0,-58.23810297638712,-80.05348774561955,-138.29159072200667
80000.0,-60.47341946673221,-79.0787222061236,-139.5521416728558
80250.0,-63.17047686771207,-78.53275706796576,-141.70323393567782
80500.0,-66.64390903404225,-78.36145614877155,-145.0053651828138
80750.0,-71.72247601585028,-78.54778153877427,-150.27025755462455
81000.0,-82.50669901189107,-79.10543634386516,-161.61213535575624
81250.0,-81.01284781954956,-80.08394301423613,-161.09679083378566
81500.0,-72.6328166400637,-81.58969156574332,-154.22250820580703
81750.0,-68.87907910133382,-83.84622636252986,-152.7253054638637
82000.0,-66.58032431638765,-87.39668089401447,-153.9770052104021
82250.0,-65.011544660835,-94.190591857441,-159.202136518276
82500.0,-63.88744656697355,-107.34742442561924,-171.2348709925928
82750.0,-63.06646790739833,-91.12253958959664,-154.18900749699498
83000.0,-62.46836400374093,-86.01706254655114,-148.4854265502921
83250.0,-62.04358472316014,-83.08677499230421,-145.13035971546435
83500.0,-61.75972772307163,-81.18982132789878,-142.9495490509704
83750.0,-61.594794793857226,-79.94231506649272,-141.53710986034997
84000.0,-61.533540278753584,-79.17458856370465,-140.70812884245822
84250.0,-61.56537203985841,-78.80468421385982,-140.37005625371822
84500.0,-61.683098273388296,-78.79725952613651,-140.48035779952482
84750.0,-61.882170965464326,-79.14954164350121,-141.03171260896553
85000.0,-62.16024533726806,-79.8903174338023,-142.05056277107036
85250.0,-62.51696175814107,-81.09107844170062,-143.6080401998417
85500.0,-62.95390726282874,-82.89999134992391,-145.85389861275263
85750.0,-63.474749327806954,-85.64318176316937,-149.11793109097633
86000.0,-64.08556759785135,-90.22433856441998,-154.30990616227132
86250.0,-64.7954511180062,-101.63716679544122,-166.43261791344742
86500.0,-65.61749551600789,-96.79538095503534,-162.4128764710432
86750.0,-66.57045791972982,-88.75595364455566,-155.3264115642855
87000.0,-67.68157852251387,-84.89481712876012,-152.576395651274
87250.0,-68.99163748748059,-82.50767695228521,-151.4993144397658
87500.0,-70.56469801534865,-80.93567749200437,-151.50037550735303
87750.0,-72.50886997511012,-79.91984499255322,-152.42871496766332
88000.0,-75.02744701161458,-79.33870331655012,-154.3661503281647
88250.0,-78.57661574039707,-79.13444523548606,-157.71106097588313
88500.0,-84.60385007741212,-79.28736004294092,-163.89121012035304
88750.0,-122.59064333185471,-79.80844044547834,-202.39908377733303
89000.0,-84.99817801199846,-80.74342693080507,-165.74160494280352
89250.0,-79.02859629077719,-82.19186303501914,-161.2204593257963
89500.0,-75.60992330593852,-84.36160798308006,-159.9715312890186
89750.0,-73.23778765107667,-87.74722079724074,-160.98500844831744
90000.0,-71.44383765954854,-94.02615955609886,-165.46999721564737
90250.0,-70.02001429386844,-114.4491920781421,-184.46920637201058
90500.0,-68.85549207559968,-92.58280977861315,-161.43830185421282
90750.0,-67.88418654998081,-87.12794364441646,-155.0121301943973
91000.0,-67.0635192859355,-84.06186905582103,-151.12538834175655
91250.0,-66.36446424671004,-82.08693686708958,-148.45140111379962
91500.0,-65.7663696616192,-80.7846288056626,-146.55099846728177
91750.0,-65.25404549145405,-79.97290619992187,-145.22695169137594
92000.0,-64.81602252633967,-79.56394220799808,-144.37996473433773
92250.0,-64.44345991685641,-79.51878451416425,-143.96224443102065
92500.0,-64.12943187267607,-79.83164992301747,-143.96108179569353
92750.0,-63.86844645299564,-80.52781525046107,-144.3962617034567
93000.0,-63.65611205791122,-81.67326306120314,-145.32937511911436
93250.0,-63.488901155488726,-83.40511859009823,-146.89401974558695
93500.0,-63.36397999596124,-86.02101894425432,-149.38499894021555
93750.0,-63.27908438937555,-90.31660716559152,-153.59569155496706
94000.0,-63.23242853704778,-100.13249858166093,-163.36492711870872
94250.0,-63.22263826870271,-99.10371327305539,-162.3263515417581
94500.0,-63.248702878277925,-90.04306657638114,-153.2917694546591
94750.0,-63.30994166737334,-85.93988647778707,-149.2498281451604
95000.0,-63.405982652068104,-83.43638640446096,-146.84236905652907
95250.0,-63.53675188879822,-81.79059872883076,-145.327350617629
95500.0,-63.7024726754757,-80.7196696041062,-144.4221422795819
95750.0,-63.90367459183003,-80.09234422841926,-143.99601882024928
96000.0,-64.14121304653678,-79.8456320229743,-143.98684506951108
96250.0,-64.416300786435,-79.95621477626693,-144.37251556270195
96500.0,-64.73055379842343,-80.43161597355557,-145.162169771979
96750.0,-65.08605534089209,-81.31295062126037,-146.39900596215247
97000.0,-65.48544369086962,-82.69166151735388,-148.17710520822348
97250.0,-65.93203192697501,-84.7575836808723,-150.68961560784732
97500.0,-66.42997225128721,-87.95165321884936,-154.38162547013656
97750.0,-66.9844839663128,-93.67794627403302,-160.6624302403458
98000.0,-67.60217502074264,-123.9306350634632,-191.5328100842058
98250.0,-68.29150529777604,-94.26116815131934,-162.55267344909538
98500.0,-69.06347193117975,-88.29591759879966,-157.35938952997938
98750.0,-69.93265599942632,-85.04534857522428,-154.97800457465058
99000.0,-70.91888446498518,-82.9681322119998,-153.88701667698498
99250.0,-72.04999767140356,-81.59572035994015,-153.6457180313437
99500.0,-73.36673990174857,-80.7288668140695,-154.0956067158181
99750.0,-74.93208497165051,-80.27182606474742,-155.20391103639793
100000.0,-76.85091223177244,-80.18095160558573,-157.03186383735817
100250.0,-79.31786109938555,-80.4467290825772,-159.76459018196275
100500.0,-82.76207009347594,-81.09029468454837,-163.8523647780243
100750.0,-88.49808682504991,-82.17138214035059,-170.66946896540048
101000.0,-111.11446241506519,-83.81497643757695,-194.9294388526421
101250.0,-90.01792251452693,-86.28845403762361,-176.30637655215054
101500.0,-83.69960315760045,-90.27936290660337,-173.9789660642038
101750.0,-80.14106063018501,-98.70577822690656,-178.8468388570916
102000.0,-77.676040941708,-102.17077728212146,-179.84681822382947
102250.0,-75.80523100187865,-91.44458745749444,-167.24981845937307
102500.0,-74.31052905088507,-87.01459022167121,-161.32511927255626
102750.0,-73.07691995216034,-84.36191694501008,-157.4388368971704
103000.0,-72.03628505793489,-82.62430385339485,-154.66058891132974
103250.0,-71.14494867867411,-81.4863002822038,-152.6312489608779
103500.0,-70.3732411077105,-80.80376325569435,-151.17700436340485
103750.0,-69.70010221686731,-80.50709374016337,-150.20719595703068
104000.0,-69.11006025642354,-80.56856401119194,-149.67862426761548
104250.0,-68.59143245346094,-80.99166537381599,-149.58309782727693
104500.0,-68.13519884021258,-81.81237851899455,-149.94757735920712
104750.0,-67.73426823572001,-83.11347022553478,-150.84773846125478
105000.0,-67.38298339524219,-85.06609513259399,-152.44907852783618
105250.0,-67.076777786743,-88.05805763189717,-155.13483541864017
105500.0,-66.81193174532899,-93.2481272315623,-160.0600589768913
105750.0,-66.58539567875654,-109.98380320610093,-176.56919888485746
106000.0,-66.39465969440346,-96.21329054885267,-162.60795024325608
106250.0,-66.23765612686347,-89.52837853154107,-155.76603465840455
106500.0,-66.11268589805323,-86.0417521843494,-152.15443808240263
106750.0,-66.01836250946792,-83.83886620169002,-149.85722871115794
107000.0,-65.95356935949864,-82.38251720637777,-148.3360865658764
107250.0,-65.91742736081648,-81.45094370341855,-147.36837106423502
107500.0,-65.90927072176481,-80.93838960856765,-146.84766033033245
107750.0,-65.92862938990307,-80.79549210427945,-146.72412149418253
108000.0,-65.975217123065,-81.00840434433074,-146.98362146739572
108250.0,-66.04892451226212,-81.59369370154033,-147.64261821380242
108500.0,-66.14981657236746,-82.60448620256554,-148.754302774933
108750.0,-66.27813477129345,-84.15336676245845,-150.4315015337519
109000.0,-66.43430361064004,-86.47795564045964,-152.91225925109967
109250.0,-66.61894212403004,-90.16602328953726,-156.7849654135673
109500.0,-66.83288094765143,-97.43883128902858,-164.27171223668
109750.0,-67.07718597109942,-106.68512755894533,-173.76231353004476
110000.0,-67.35319003541427,-92.98456152971555,-160.3377515651298
110250.0,-67.66253476583768,-88.12586920791759,-155.78840397375527
110500.0,-68.00722549625637,-85.28977876783097,-153.29700426408732
110750.0,-68.38970349303005,-83.4429706407819,-151.83267413381196
111000.0,-68.81294153061104,-82.22701072894867,-151.03995225955973
111250.0,-69.28057166084758,-81.48145393039101,-150.7620255912386
111500.0,-69.79705834222794,-81.12863617287124,-150.92569451509917
111750.0,-70.36793698520964,-81.13567397218665,-151.5036109573963
112000.0,-71.0001492849979,-81.50158255997991,-152.5017318449778
112250.0,-71.70252593785989,-82.25691931243946,-153.95944525029935
112500.0,-72.48650130108517,-83.47564354005445,-155.96214484113963
112750.0,-73.36720733912819,-85.31061764779832,-158.6778249869265
113000.0,-74.36521661369986,-88.10002829180681,-162.46524490550667
113250.0,-75.5094585433645,-92.79481494928478,-168.30427349264932
113500.0,-76.84240527672756,-104.9868548042702,-181.82926008099776
113750.0,-78.43004329566259,-98.55225054383176,-176.98229383949436
114000.0,-80.38315531987932,-90.83972662937964,-171.22288194925898
114250.0,-82.90995756661812,-87.05776750024107,-169.96772506685917
114500.0,-86.47974797394438,-84.70506983653146,-171.18481781047586
114750.0,-92.60282706749459,-83.15147168144475,-175.75429874893933
115000.0,-128.5977692067595,-82.14644992717508,-210.74421913393454
115250.0,-92.42260663842663,-81.57194796845843,-173.99455460688503
115500.0,-86.52802145203886,-81.37184810192312,-167.899869553962
115750.0,-83.09579743800239,-81.52742717972295,-164.62322461772533
116000.0,-80.68372653361259,-82.05038117793066,-162.73410771154323
116250.0,-78.83609245755386,-82.98711399905574,-161.82320645660957
116500.0,-77.34917631605278,-84.43806904064704,-161.78724535669983
116750.0,-76.11409649975072,-86.61288178445304,-162.72697828420374
117000.0,-75.06579318802747,-90.01126286266405,-165.07705605069157
117250.0,-74.16228684558311,-96.33803999813938,-170.50032684372246
117500.0,-73.37492260610577,-115.68195840524939,-189.0568810113552
117750.0,-72.6832824021316,-94.7049170889472,-167.38819949107878
118000.0,-72.07231753109805,-89.28415329250993,-161.356470823608
118250.0,-71.53063177324034,-86.22641215296908,-157.75704392620943
118500.0,-71.0494021719484,-84.25263698685686,-155.30203915880526
118750.0,-70.62167300446154,-82.94827015266947,-153.569943157131
119000.0,-70.24187823848267,-82.13259141345104,-152.3744696519337
119250.0,-69.90550930550552,-81.718286534742,-151.6237958402475
119500.0,-69.60887836096448,-81.6665679652946,-151.27544632625907
119750.0,-69.34894609617608,-81.97159384454211,-151.3205399407182
120000.0,-69.12319429843487,-82.6583448685848,-151.78153916701967
120250.0,-68.9295301390966,-83.79211320946811,-152.72164334856473
120500.0,-68.76621342813537,-85.5084450149392,-154.27465844307457
120750.0,-68.63180081984062,-88.10077478575272,-156.73257560559333
121000.0,-68.5251027683775,-92.349107619966,-160.8742103883435
121250.0,-68.44515025789376,-101.94754663402938,-170.39269689192312
121500.0,-68.39116917899054,-101.50768932314328,-169.89885850213383
121750.0,-68.36256082086317,-92.25191728715755,-160.6144781080207
122000.0,-68.3588873816761,-88.10181099873341,-156.46069838040953
122250.0,-68.37986172143583,-85.57290905691177,-153.9527707783476
122500.0,-68.42534083019478,-83.90854802461118,-152.33388885480596
122750.0,-68.49532268530558,-82.82172257081467,-151.31704525612025
123000.0,-68.58994634365108,-82.17943853675249,-150.76938488040355
123250.0,-68.70949527400282,-81.91770273332776,-150.62719800733058
123500.0,-68.85440409412547,-82.01238223364587,-150.86678632777134
123750.0,-69.0252690513159,-82.47006832310666,-151.49533737442258
124000.0,-69.22286278779634,-83.33047423530019,-152.55333702309653
124250.0,-69.44815418533224,-84.68245293757244,-154.13060712290468
124500.0,-69.70233441120257,-86.71002198350928,-156.41235639471185
124750.0,-69.98685072955652,-89.83713621691471,-159.82398694647122
125000.0,-70.3034502534434,-95.38659729782766,-165.69004755127108
125250.0,-70.65423668022896,-118.66487726531538,-189.31911394554436
125500.0,-71.04174431028956,-96.67506159982211,-167.7168059101117
125750.0,-71.46903551209516,-90.50350159404505,-161.9725371061402
126000.0,-71.93983062148344,-87.17903012062074,-159.11886074210418
126250.0,-72.45868365104248,-85.05917245221264,-157.5178561032551
126500.0,-73.03122418774144,-83.65586654336668,-156.68709073110813
126750.0,-73.66449737219969,-82.76329663676565,-156.42779400896532
127000.0,-74.36745344559714,-82.28269142492373,-156.65014487052088
127250.0,-75.15167301692593,-82.16856073500809,-157.320233751934
127500.0,-76.03247839588063,-82.40984490109173,-158.44232329697238
127750.0,-77.03070675753818,-83.02586929464053,-160.05657605217868
128000.0,-78.17568226337566,-84.07355046105383,-162.2492327244295
128250.0,-79.51051366660825,-85.67237747347617,-165.18289114008442
128500.0,-81.10231231060341,-88.07625088267366,-169.17856319327709
128750.0,-83.06409277802709,-91.92659231252513,-174.9906850905522
129000.0,-85.60927984327051,-99.80284969735777,-185.41212954062829
129250.0,-89.22292972244946,-105.62810767719212,-194.85103739964157
129500.0,-95.49622713912589,-93.79707509219871,-189.29330223132462
129750.0,-121.02957612481127,-89.18411145210861,-210.21368757691988
130000.0,-94.69360688284621,-86.44877706848553,-181.1423839513317
130250.0,-88.93263700584207,-84.65930827342183,-173.59194527926388
130500.0,-85.53878797135808,-83.48231696297003,-169.0211049343281
130750.0,-83.14032083818915,-82.76672095120912,-165.90704178939828
131000.0,-81.29598554583063,-82.43938659834646,-163.7353721441771
131250.0,-79.80694055707175,-82.47020939154011,-162.27714994861188
131500.0,-78.5664088334239,-82.86047007319152,-161.4268789066154
131750.0,-77.51038727228325,-83.64329906625397,-161.15368633853723
132000.0,-76.59748435391325,-84.89665088287246,-161.49413523678572
132250.0,-75.7993973003059,-86.7814731322767,-162.5808704325826
132500.0,-75.09593035896935,-89.65746702825226,-164.75339738722158
132750.0,-74.47218055214161,-94.56312058433406,-169.03530113647565
133000.0,-73.91684944844981,-108.40376864749693,-182.3206180959467
133250.0,-73.421180293344,-99.01516075673857,-172.43634105008258
133500.0,-72.97826174499085,-91.8025699507745,-164.78083169576536
133750.0,-72.5825563743094,-88.15571478050808,-160.73827115481748
134000.0,-72.22957227735965,-85.86835482602925,-158.0979271033889
134250.0,-71.91562881169453,-84.35505354054436,-156.2706823522389
134500.0,-71.63768600745685,-83.3788643593272,-155.01655036678403
134750.0,-71.39321813838264,-82.82742811310044,-154.22064625148306
135000.0,-71.18011860835213,-82.64765851822544,-153.8277771265776
135250.0,-70.99662749983383,-82.82290387689876,-153.8195313767326
135500.0,-70.84127583466064,-83.36678635863524,-154.2080621932959
135750.0,-70.71284238412068,-84.32820766332961,-155.04105004745028
136000.0,-70.6103200722862,-85.8119498242348,-156.422269896521
136250.0,-70.53288984902808,-88.03740827908113,-158.57029812810921
136500.0,-70.47990049570939,-91.53426663977925,-162.01416713548863
136750.0,-70.45085324804255,-98.17368486367263,-168.62453811171517
137000.0,-70.44539043216706,-112.87017135119547,-183.31556178336254
137250.0,-70.46328754561289,-95.52316417491411,-165.986451720527
137500.0,-70.50444840105213,-90.31717288855448,-160.8216212896066
137750.0,-70.56890310420889,-87.33941077756036,-157.90831388176923
138000.0,-70.65680877208683,-85.40903487926919,-156.065843651356
138250.0,-70.76845302524849,-84.13318402310557,-154.90163704835405
138500.0,-70.90426041752625,-83.33881811369544,-154.2430785312217
138750.0,-71.06480211017474,-82.94218729606128,-154.00698940623602
139000.0,-71.25080926604471,-82.90659084965883,-154.15740011570355
139250.0,-71.46319084944965,-83.22778861869571,-154.69097946814537
139500.0,-71.70305678933292,-83.93246418336022,-155.63552097269314
139750.0,-71.97174782810184,-85.08840862660807,-157.06015645470993
140000.0,-72.27087387890082,-86.83599092057024,-159.10686479947105
140250.0,-72.60236341893086,-89.48079837298604,-162.0831617919169
140500.0,-72.96852745693558,-93.84765260845097,-166.81618006538653
140750.0,-73.37214309547707,-104.06199395909405,-177.43413705457112
141000.0,-73.8165639270879,-101.95687225889138,-175.77343618597928
141250.0,-74.3058679045249,-93.20658685272385,-167.51245475724875
141500.0,-74.84505866754388,-89.16569673899153,-164.0107554065354
141750.0,-75.44034494344847,-86.68600000774973,-162.12634495119818
142000.0,-76.0995370398856,-85.05069588118899,-161.15023292107458
142250.0,-76.83262434969666,-83.9839527982749,-160.81657714797157
142500.0,-77.65264267915106,-83.35724630979115,-161.00988898894224
142750.0,-78.57702517742428,-83.10885972177977,-161.68588489920404
143000.0,-79.62980105537474,-83.21613288717916,-162.84593394255393
143250.0,-80.84537287964054,-83.68693560263465,-164.5323084822752
143500.0,-82.27546349970382,-84.5625304841094,-166.83799398381322
143750.0,-84.0030797915222,-85.93431838272325,-169.93739817424546
144000.0,-86.17420467792584,-87.99177017110875,-174.1659748490346
144250.0,-89.08374667404024,-91.1744966994916,-180.25824337353185
144500.0,-93.4887642527747,-96.87982288889495,-190.36858714166965
144750.0,-102.8241626827137,-126.27596196225673,-229.10012464497044
145000.0,-103.56061664521464,-97.50570611802704,-201.06632276324166
145250.0,-93.81351963487411,-91.51664699986952,-185.33016663474365
145500.0,-89.3738407736652,-88.25209402400401,-177.6259347976692
145750.0,-86.48343296180785,-86.16286733814422,-172.6463002999521
146000.0,-84.34934379925429,-84.77882531611291,-169.1281691153672
146250.0,-82.66686865613178,-83.90010810981474,-166.56697676594655
146500.0,-81.28625008844233,-83.43058576232633,-164.7168358507687
146750.0,-80.12271361357654,-83.32624020608748,-163.44895381966398
147000.0,-79.12359493171351,-83.57706996318123,-162.70066489489471
147250.0,-78.25394114403059,-84.20344239746629,-162.4573835414969
147500.0,-77.48937734803103,-85.26370249758388,-162.7530798456149
147750.0,-76.81224012397772,-86.87995062517001,-163.6921907491477
148000.0,-76.20933238587986,-89.31231262864469,-165.52164501452455
148250.0,-75.67054661990296,-93.22320105605075,-168.89374767595373
148500.0,-75.18798237367773,-101.34224947624772,-176.53023184992546
148750.0,-74.75535940417612,-106.04213168331421,-180.7974910874903
149000.0,-74.36761519196301,-94.75096739917134,-169.11858259113438
149250.0,-74.02062155378296,-90.21981966243793,-164.2404412162209
149500.0,-73.71098056915035,-87.51812871383964,-161.22910928299
149750.0,-73.43587475066319,-85.74740746527522,-159.18328221593842
150000.0,-73.19295519737614,-84.58274051368043,-157.77569571105656
150250.0,-72.98025691538614,-83.87625685656415,-156.8565137719503
150500.0,-72.79613395036498,-83.55638294260885,-156.35251689297382
150750.0,-72.63920923312908,-83.59396519101195,-156.23317442414103
151000.0,-72.50833554378328,-83.99104647196401,-156.4993820157473
151250.0,-72.40256502522217,-84.78160576049754,-157.18417078571972
151500.0,-72.3211253893742,-86.04490006885106,-158.36602545822527
151750.0,-72.26340146488488,-87.94451252568784,-160.2079139905727
152000.0,-72.22892110127266,-90.84722853784619,-163.07614963911885
152250.0,-72.21734471591931,-95.82113427459026,-168.0384789905096
152500.0,-72.22845797758917,-110.29066336940204,-182.51912134699123
152750.0,-72.26216728403017,-99.87395742517484,-172.13612470920503
153000.0,-72.318497827135,-92.80278944063002,-165.121287267765
153250.0,-72.39759415855525,-89.19494650602917,-161.59254066458442
153500.0,-72.49972328129255,-86.92594781617223,-159.42567109746477
153750.0,-72.62528040756817,-85.42342853303754,-158.0487089406057
154000.0,-72.77479764865497,-84.45447803992074,-157.2292756885757
154250.0,-72.9489560497799,-83.90843843262434,-156.85739448240423
154500.0,-73.14860156440547,-83.73312071818987,-156.88172228259535
154750.0,-73.37476579582867,-83.91246968412288,-157.28723547995153
155000.0,-73.62869264421555,-84.46063832368989,-158.08933096790543
155250.0,-73.91187242037769,-85.42718906521138,-159.33906148558907
155500.0,-74.2260855769284,-86.91802674169095,-161.14411231861936
155750.0,-74.57345904720951,-89.15506268205272,-163.72852172926224
156000.0,-74.95653940002279,-92.67578149588081,-167.6323208959036
156250.0,-75.37838882409505,-99.39610823608336,-174.77449706017842
156500.0,-75.84271269009646,-113.17279743726723,-189.0155101273637
156750.0,-76.35403168083388,-96.48807122850252,-172.8421029093364
157000.0,-76.91791823632288,-91.33124842260273,-168.2491666589256
157250.0,-77.54132814852102,-88.3711705296557,-165.91249867817675
157500.0,-78.23307695521827,-86.44968316532999,-164.68276012054827
157750.0,-79.00454397322662,-85.1790574306885,-164.1836014039151
158000.0,-79.87074804899376,-84.38808036302893,-164.2588284120227
158250.0,-80.85205824356288,-83.99384157786336,-164.84589982142626
158500.0,-81.97704965112054,-83.96011402813028,-165.93716367925083
158750.0,-83.2875679663673,-84.28299462025583,-167.57056258662314
159000.0,-84.84843384652757,-84.98949111654775,-169.83792496307532
159250.0,-86.76805656994114,-86.14783308868581,-172.91588965862698
159500.0,-89.2490675865223,-87.89920168759556,-177.14826927411787
159750.0,-92.74396386389036,-90.55120902192839,-183.29517288581872
160000.0,-98.67915875474046,-94.93620894578898,-193.61536770052942
160250.0,-131.57185382098805,-105.25609064326623,-236.8279444642543
160500.0,-99.13302549720379,-102.87904770231448,-202.01207319951828
160750.0,-93.04573268023313,-94.2028946597715,-187.24862734000465
161000.0,-89.53340990230913,-90.17732309597162,-179.71073299828075
161250.0,-87.0686145462838,-87.70357932076173,-174.77219386704553
161500.0,-85.17864514419577,-86.07098871039055,-171.2496338545863
161750.0,-83.65413149202024,-85.00544939843401,-168.65958089045424
162000.0,-82.38377241563272,-84.37911957441855,-166.76289199005126
162250.0,-81.30129775466374,-84.13061213425098,-165.43190988891473
162500.0,-80.36405323641566,-84.23745324558405,-164.6015064819997
162750.0,-79.5429755152273,-84.70763758827604,-164.25061310350338
163000.0,-78.81738186018707,-85.58253444770918,-164.39991630789623
163250.0,-78.17204144393537,-86.95367349778971,-165.12571494172508
163500.0,-77.59542538617194,-89.01075723965303,-166.60618262582494
163750.0,-77.07860853998949,-92.19402098577243,-169.2726295257619
164000.0,-76.61455195694015,-97.90375069276092,-174.51830264970107
164250.0,-76.19761802935018,-127.65642494867832,-203.8540429780285
164500.0,-75.82323339196098,-98.50081491961467,-174.32404831157567
164750.0,-75.4876487782084,-92.51655191686226,-168.00420069507067
165000.0,-75.18776432760644,-89.2522183156012,-164.43998264320766
165250.0,-74.92100019442893,-87.1620294821594,-162.08302967658835
165500.0,-74.68519921771227,-85.77649714717563,-160.46169636488793
165750.0,-74.47855274415554,-84.89596638047983,-159.37451912463536
166000.0,-74.29954348460063,-84.4243794653816,-158.72392294998224
166250.0,-74.14690112387012,-84.31773197905729,-158.4646331029274
166500.0,-74.01956764298369,-84.56599492287162,-158.58556256585533
166750.0,-73.91667016589774,-85.18945960738228,-159.10612977328003
167000.0,-73.83749974053917,-86.2463104637289,-160.08381020426808
167250.0,-73.7814948925089,-87.85829737937193,-161.63979227188082
167500.0,-73.74822910226554,-90.28465401849944,-164.03288312076498
167750.0,-73.73740159128562,-94.18471087641036,-167.92211246769597
168000.0,-73.74883098317652,-102.26558447277186,-176.01441545594838
168250.0,-73.78245155049059,-107.12366534640515,-180.90611689689575
168500.0,-73.8383118797075,-95.75554543872656,-169.59385731843406
168750.0,-73.91657589551721,-91.21037529423913,-165.1269511897563
169000.0,-74.01752628963736,-88.50140467585094,-162.5189309654883
169250.0,-74.14157050713482,-86.72542072128331,-160.86699122841816
169500.0,-74.2892495626255,-85.55628250829203,-159.84553207091753
169750.0,-74.46125009966853,-84.84563413052709,-159.3068842301956
170000.0,-74.65842028234039,-84.52163972407924,-159.18006000641964
170250.0,-74.88179033332295,-84.55494852107594,-159.4367388543989
170500.0,-75.13259883460886,-84.94739395565553,-160.07999279026438
170750.0,-75.41232631681984,-85.73265687322503,-161.14498319004485
171000.0,-75.72273823566546,-86.98946535069462,-162.7122035863601
171250.0,-76.06594024731777,-88.88026145864762,-164.94620170596536
171500.0,-76.44444987419432,-91.76868970024623,-168.21313957444056
171750.0,-76.8612903975441,-96.70958485475299,-173.57087525229707
172000.0,-77.32011545269815,-110.88927267803913,-188.20938813073727
172250.0,-77.8253768882689,-100.93346491145994,-178.75884179972886
172500.0,-78.38255494355468,-93.79741419792403,-172.17996914147872
172750.0,-78.99848042598336,-90.16935749008482,-169.16783791606818
173000.0,-79.68179655025406,-87.88910086450528,-167.57089741475934
173250.0,-80.44363971133073,-86.37851663090984,-166.8221563422406
173500.0,-81.29867655080922,-85.40289094883293,-166.70156749964212
173750.0,-82.26674714983531,-84.85077775644012,-167.11752490627543
174000.0,-83.3755960067989,-84.66953393912048,-168.04512994591937
174250.0,-84.6656882217992,-84.84274817571247,-169.50843639751167
174500.0,-86.19937117282575,-85.38418258616716,-171.5835537589929
174750.0,-88.08014428841959,-86.34282255452592,-174.4229668429455
175000.0,-90.499317098061,-87.82349628470321,-178.3228133827642
175250.0,-93.87611945439278,-90.04560869054444,-183.92172814493722
175500.0,-99.47857453793364,-93.53877629302417,-193.0173508309578
175750.0,-119.83738639737419,-100.17364332715884,-220.01102972453305
176000.0,-101.37488708805975,-114.87792327766577,-216.2528103657255
176250.0,-94.88386038865517,-97.51855439125609,-192.40241477991128
176500.0,-91.23994255396161,-92.30786948671678,-183.54781204067837
176750.0,-88.70808708323611,-89.32562043397455,-178.0337075172107
177000.0,-86.7762992039517,-87.39066949606048,-174.16696870001218
177250.0,-85.22240031044463,-86.11006660916095,-171.33246691960557
177500.0,-83.92966839180794,-85.3107092111261,-169.24037760293402
177750.0,-82.8291444906248,-84.90877572938614,-167.73792022001092
178000.0,-81.8766885105851,-84.86746349143858,-166.74415200202367
178250.0,-81.04234866444331,-85.18237138301325,-166.22472004745657
178500.0,-80.3048778576271,-85.87990684414706,-166.18478470177416
178750.0,-79.64866906171143,-87.02733963629662,-166.67600869800805
179000.0,-79.06193247798592,-88.76391702776807,-167.82584950575398
179250.0,-78.53555581125224,-91.39227841688125,-169.9278342281335
179500.0,-78.0623618862161,-95.72615659625009,-173.7885184824662
179750.0,-77.63660828234775,-105.78027265839133,-183.41688094073908
180000.0,-77.25364020559796,-104.07458216326425,-181.32822236886224
180250.0,-76.90964365193867,-95.20347259539207,-172.11311624733074
180500.0,-76.60146612215155,-91.1321110840901,-167.73357720624162
180750.0,-76.32648399771027,-88.63585060501276,-164.96233460272305
181000.0,-76.08250287895545,-86.98852894555682,-163.07103182451226
181250.0,-75.8676816854451,-85.91163874335172,-161.77932042879684
181500.0,-75.6804742082907,-85.27554070426638,-160.95601491255707
181750.0,-75.51958370604248,-85.01789336645436,-160.53747707249684
182000.0,-75.38392741512541,-85.115553900567,-160.4994813156924
182250.0,-75.27260872455209,-85.57586771153404,-160.84847643608614
182500.0,-75.18489537913092,-86.439334731242,-161.6242301103729
182750.0,-75.12020251498397,-87.79596806901847,-162.91617058400246
183000.0,-75.07807965071139,-89.8321370463589,-164.91021669707027
183250.0,-75.05820099641308,-92.97839908442023,-168.0366000808333
183500.0,-75.06035862524173,-98.5885667453452,-173.64892537058694
183750.0,-75.08445819756805,-123.91508723794834,-198.9995454355164
184000.0,-75.13051704846487,-99.58525996315086,-174.71577701161573
184250.0,-75.19866455463763,-93.48742997268974,-168.68609452732738
184500.0,-75.28914479716799,-90.18324577332018,-165.47239057048816
184750.0,-75.40232163658982,-88.07082416409393,-163.47314580068374
185000.0,-75.53868642707442,-86.66980046101925,-162.2084868880937
185250.0,-75.69886872339603,-85.7768698322242,-161.47573855562024
185500.0,-75.88365049014814,-85.29432018673657,-161.1779706768847
185750.0,-76.09398452162851,-85.17717794032158,-161.2711624619501
186000.0,-76.33101804190395,-85.41465267928521,-161.74567072118916
186250.0,-76.59612280886891,-86.02620175123421,-162.62232456010312
186500.0,-76.8909335342495,-87.06877026482445,-163.95970379907396
186750.0,-77.21739712093539,-88.66174709821863,-165.879144219154
187000.0,-77.57783620890213,-91.05864910160327,-168.6364853105054
187250.0,-77.97503197298204,-94.89946034460658,-172.87449231758865
187500.0,-78.41233328827273,-102.75331874357435,-181.1656520318471
187750.0,-78.89380270623997,-108.65550515909563,-187.5493078653356
188000.0,-79.42441490579209,-96.7773253571734,-176.2017402629655
188250.0,-80.01033171163307,-92.15206845035138,-172.16240016198444
188500.0,-80.65929180440747,-89.40770820008929,-170.06700000449678
188750.0,-81.38117746880943,-87.60999442083008,-168.99117188963947
189000.0,-82.18886429369914,-86.42487475604001,-168.61373904973914
189250.0,-83.09954199007564,-85.70096604390942,-168.80050803398507
189500.0,-84.13685894913586,-85.3649187373108,-169.50177768644664
189750.0,-85.33459562046426,-85.38639806264035,-170.7209936831046
190000.0,-86.7433949696917,-85.7663640211794,-172.50975899087112
190250.0,-88.4442238503491,-86.53741843874377,-174.9816422890929
190500.0,-90.57871215104528,-87.77651837543627,-178.35523052648153
190750.0,-93.43055920679978,-89.64241651249323,-183.072975719293
191000.0,-97.7165645901833,-92.48876936096221,-190.20533395114552
191250.0,-106.5353699023759,-97.32891660503083,-203.86428650740672
191500.0,-108.97496607562063,-110.65906848836227,-219.63403456398288
191750.0,-98.57374871057728,-102.12262612723134,-200.69637483780863
192000.0,-94.00296687088971,-94.77252091778261,-188.77548778867234
192250.0,-91.05000320498797,-91.08247791110338,-182.13248111609136
192500.0,-88.87554010333713,-88.77024398525548,-177.64578408859256
192750.0,-87.16250700815232,-87.23846826810336,-174.40097527625568
193000.0,-85.75644288247162,-86.2465037122473,-172.00294659471894
193250.0,-84.5703923357584,-85.68036672419933,-170.25075905995772
193500.0,-83.55054051531832,-85.486016043075,-169.0365565583933
193750.0,-82.66126898649301,-85.64602368176416,-168.30729266825716
194000.0,-81.87778992987404,-86.17312751824389,-168.05091744811793
194250.0,-81.18216893063233,-87.11489317523295,-168.29706210586525
194500.0,-80.56102242969438,-88.573588067418,-169.13461049711236
194750.0,-80.00410912637761,-90.76275665713838,-170.766865783516
195000.0,-79.50342881063845,-94.19385558774982,-173.69728439838826
195250.0,-79.05262405763276,-100.6355673080897,-179.68819136572247
195500.0,-78.64657042120695,-117.88623387021127,-196.5328042914182
195750.0,-78.28108819410664,-98.58408625124781,-176.86517444535446
196000.0,-77.95273500579627,-93.2438127061759,-171.19654771197216
196250.0,-77.6586536310689,-90.2107992297934,-167.86945286086228
196500.0,-77.39645840730373,-88.24651557269773,-165.64297398000147
196750.0,-77.16414922912853,-86.9452094262073,-164.10935865533585
197000.0,-76.96004562442533,-86.12920417239374,-163.08924979681908
197250.0,-76.78273571690391,-85.71251526460664,-162.49525098151054
197500.0,-76.63103641399213,-85.65702209744025,-162.28805851143238
197750.0,-76.50396220078746,-85.95724271003095,-162.4612049108184
198000.0,-76.40070064431475,-86.6383486928546,-163.03904933716936
198250.0,-76.32059322413662,-87.76570219338254,-164.08629541751918
198500.0,-76.26312047348674,-89.47478018131574,-165.73790065480244
198750.0,-76.22789068777683,-92.05864938360631,-168.28654007138314
199000.0,-76.21463166160528,-96.29576473691158,-172.51039639851686
199250.0,-76.22318507554368,-105.86560991132498,-182.08879498686866
199500.0,-76.25350328270547,-105.47948851266844,-181.73299179537392
199750.0,-76.30564835500806,-96.19578647465272,-172.50143482966078
200000.0,-76.37979334777336,-92.03318291101162,-168.41297625878497
200250.0,-76.47622583752239,-89.49370526260203,-165.96993110012446
200500.0,-76.59535388774209,-87.81911490100434,-164.41446878874643
200750.0,-76.73771470909158,-86.72191851056553,-163.45963321965712
201000.0,-76.90398641339266,-86.06885712201496,-162.9728435354076
201250.0,-77.09500342544041,-85.79570448582884,-162.89070791126926
201500.0,-77.31177632984298,-85.87803898603232,-163.18981531587528
201750.0,-77.55551721329273,-86.32201582045369,-163.8775330337464
202000.0,-77.82767194842039,-87.16659739646217,-164.99426934488255
202250.0,-78.12996140174089,-88.4991741346985,-166.62913553643938
202500.0,-78.46443430870819,-90.50043013295793,-168.96486444166612
202750.0,-78.83353565796016,-93.58462943228974,-172.4181650902499
203000.0,-79.24019604795377,-99.02924903767945,-178.2694450856332
203250.0,-79.68794991983688,-119.9598153088861,-199.647765228723
203500.0,-80.18109433298062,-100.73159916252152,-180.91269349550214
203750.0,-80.72490589966034,-94.42635308534227,-175.1512589850026
204000.0,-81.32594317760353,-91.05223176767325,-172.37817494527678
204250.0,-81.9924780972194,-88.90194212018227,-170.8944202174017
204500.0,-82.73512840348873,-87.47526090782438,-170.21038931131312
204750.0,-83.56781483735843,-86.56230959690737,-170.13012443426578
205000.0,-84.50926594485325,-86.06243580718348,-170.57170175203674
205250.0,-85.58549527207099,-85.92897805827867,-171.51447333034966
205500.0,-86.83411799632856,-86.14985995110419,-172.98397794743272
205750.0,-88.31243615649996,-86.74317729146281,-175.05561344796277
206000.0,-90.1140924893441,-87.7639033027169,-177.87799579206097
206250.0,-92.4081996346965,-89.32773059219718,-181.7359302268937
206500.0,-95.55133033988076,-91.67933645036729,-187.23066679024808
206750.0,-100.53870343646396,-95.42928024547845,-195.9679836819424
207000.0,-113.50432274342157,-102.94625263613665,-216.45057537955822
207250.0,-105.76156804825864,-110.61672156027768,-216.3782896085363
207500.0,-98.14926717924344,-97.8050709215141,-195.95433810075752
207750.0,-94.18153422400914,-93.0476030674216,-187.22913729143073
208000.0,-91.49280046376708,-90.24658212056019,-181.73938258432727
208250.0,-89.46661895695757,-88.41492494575374,-177.88154390271131
208500.0,-87.84842819242829,-87.20539471555333,-175.0538229079816
208750.0,-86.50817539700127,-86.4616279127518,-172.96980330975305
209000.0,-85.37040678448774,-86.10781994723894,-171.47822673172666
209250.0,-84.38743855109239,-86.11207406130546,-170.49951261239787
209500.0,-83.52722033858015,-86.47400349380911,-170.0012238323893
209750.0,-82.76718236321953,-87.22459189971438,-169.9917742629339
210000.0,-82.09084184096136,-88.438191717404,-170.52903355836534
210250.0,-81.48580538777153,-90.26820190812231,-171.75400729589384
210500.0,-80.94253049904836,-93.05397879170152,-173.99650929074988
210750.0,-80.45352440599294,-97.7508522064123,-178.20437661240527
211000.0,-80.01280724454824,-110.00913285113185,-190.02194009568007
211250.0,-79.61554146334083,-103.41985140080416,-183.03539286414502
211500.0,-79.2577694090262,-95.72544999583886,-174.98321940486505
211750.0,-78.93622340863473,-91.94048530132982,-170.87670870996453
212000.0,-78.64818570607135,-89.58049333545358,-168.2286790415249
212250.0,-78.39138347496943,-88.01771753943277,-166.4091010144022
212500.0,-78.16390902333646,-87.00228712397094,-165.1661961473074
212750.0,-77.96415843500749,-86.41632365417186,-164.38048208917934
213000.0,-77.79078394273584,-86.20367318695573,-163.99445712969157
213250.0,-77.64265670155557,-86.34540614950677,-163.98806285106232
213500.0,-77.5188375707482,-86.85278815113108,-164.3716257218793
213750.0,-77.41855416753188,-87.77139017924267,-165.18994434677452
214000.0,-77.34118292177868,-89.19993826351272,-166.5411211852914
214250.0,-77.28623519824956,-91.34397517993122,-168.63021037818078
214500.0,-77.25334680297148,-94.69057178899311,-171.94391859196458
214750.0,-77.24227038073253,-100.87675398855464,-178.1190243692872
215000.0,-77.25287035912599,-123.1719178702233,-200.42478822934928
215250.0,-77.28512021654913,-99.67523095768513,-176.9603511742343
215500.0,-77.33910195586401,-94.14142073214143,-171.48052268800544
215750.0,-77.41500776126173,-91.03507946565274,-168.4500872269145
216000.0,-77.51314390954632,-89.02931056171019,-166.5424544712565
216250.0,-77.63393710652741,-87.6992369807944,-165.33317408732182
216500.0,-77.77794353162251,-86.86045155543754,-164.63839508706005
216750.0,-77.94586100729653,-86.4238287759956,-164.36968978329213
217000.0,-78.13854487935137,-86.34936724061075,-164.48791211996212
217250.0,-78.35702841102135,-86.63007883577954,-164.98710724680092
217500.0,-78.6025487861499,-87.28945522098265,-165.89200400713253
217750.0,-78.87658021353104,-88.39031444066835,-167.2668946541994
218000.0,-79.18087617941669,-90.0631743101898,-169.24405048960648
218250.0,-79.51752368221489,-92.58868329496488,-172.1062069771798
218500.0,-79.8890134242586,-96.70056083023016,-176.58957425448875
218750.0,-80.29833162052513,-105.68624762251287,-185.98457924303798
219000.0,-80.74908162828088,-107.09175825741673,-187.8408398856976
219250.0,-81.2456475312178,-97.1776161046364,-178.42326363585417
219500.0,-81.79341804403091,-92.88596025048335,-174.67937829451427
219750.0,-82.39909927478027,-90.28690764491644,-172.68600691969675
220000.0,-83.0711620412039,-88.57540393565309,-171.646565976857
220250.0,-83.82049949620568,-87.45113507831611,-171.2716345745218
220500.0,-84.66142582969036,-86.77574948211374,-171.4371753118041
220750.0,-85.6132528138882,-86.48240658655537,-172.09565940044357
221000.0,-86.70289816323617,-86.54494506533163,-173.24784322856783
221250.0,-87.96945941917505,-86.9679395823273,-174.93739900150234
221500.0,-89.47285094097705,-87.78835566876488,-177.26120660974192
221750.0,-91.31179015937934,-89.09023270821477,-180.40202286759413
222000.0,-93.66672624901794,-91.04708715346932,-184.71381340248726
222250.0,-96.92580592496864,-94.05297870496702,-190.97878462993563
222500.0,-102.21767658799685,-99.29391606156962,-201.51159264956647
222750.0,-118.06423444883956,-116.82159340481965,-234.8858278536592
223000.0,-105.63249371507465,-101.93409346940948,-207.56658718448415
223250.0,-98.65731391042233,-95.33543175766445,-193.9927456680868
223500.0,-94.86363319167336,-91.86654509730168,-186.73017828897503
223750.0,-92.25567555946404,-89.66601391883117,-181.92168947829518
224000.0,-90.27579767244136,-88.20582628457524,-178.4816239570166
224250.0,-88.68738671006764,-87.26707397692934,-175.95446068699698
224500.0,-87.36771461078766,-86.74512075067035,-174.11283536145802
224750.0,-86.24487585876949,-86.59105390133189,-172.83592976010138
225000.0,-85.2731145246422,-86.79111790081086,-172.06423242545304
225250.0,-84.42151801046046,-87.3616724233824,-171.78319043384283
225500.0,-83.66823138057268,-88.35522520975394,-172.0234565903266
225750.0,-82.99724360673052,-89.88291474483226,-172.88015835156278
226000.0,-82.39648521948725,-92.17868068261332,-174.5751659021006
226250.0,-81.85664349861187,-95.81810255328648,-177.67474605189835
226500.0,-81.37039320335975,-102.94543664779683,-184.31582985115656
226750.0,-80.93187947850866,-113.12414003339893,-194.05601951190758
227000.0,-80.53635993230318,-98.83751447826282,-179.373874410566
227250.0,-80.1799506099671,-93.90178607555137,-174.08173668551848
227500.0,-79.85944178022932,-91.02663392077888,-170.8860757010082
227750.0,-79.57216184269869,-89.15135493263003,-168.72351677532873
228000.0,-79.31587516226035,-87.91088794267351,-167.22676310493387
228250.0,-79.08870431589068,-87.1422445647662,-166.2309488806569
228500.0,-78.88907023587781,-86.76640027302071,-165.65547050889853
228750.0,-78.71564570327203,-86.74944557960926,-165.4650912828813
229000.0,-78.5673189677823,-87.08929719339254,-165.65661616117484
229250.0,-78.44316517609931,-87.81494560845192,-166.25811078455126
229500.0,-78.34242392391354,-88.99759044792312,-167.34001437183665
229750.0,-78.26448169729672,-90.78424088915756,-169.04872258645426
230000.0,-78.2088582963223,-93.49746367885115,-171.7063219751734
230250.0,-78.1751965772988,-98.02652563155712,-176.20172220885593
230500.0,-78.1632550333089,-109.19365010820403,-187.35690514151293
230750.0,-78.17290287970083,-104.82954889831069,-183.0024517780115
231000.0,-78.20411742875594,-96.65831681790793,-174.86243424666387
231250.0,-78.25698364037423,-92.74990349903487,-171.00688713940912
231500.0,-78.33169582979286,-90.32923201961697,-168.6609278494098
231750.0,-78.42856160543774,-88.72767563583179,-167.15623724126954
232000.0,-78.54800820819376,-87.68325026544343,-166.23125847363718
232250.0,-78.69059153403822,-87.07303867052863,-165.76363020456685
232500.0,-78.85700825484692,-86.838194880105,-165.6952031349519
232750.0,-79.04811161854651,-86.95791344342369,-166.0060250619702
233000.0,-79.26493172572957,-87.44166305436528,-166.70659478009483
233250.0,-79.50870136777111,-88.33263006848227,-167.8413314362534
233500.0,-79.78088890517404,-89.72537310111684,-169.50626200629088
233750.0,-80.08324021244518,-91.81615520984137,-171.89939542228655
234000.0,-80.41783249414046,-95.06434015973745,-175.4821726538779
234250.0,-80.78714390356947,-100.96436782283604,-181.7515117264055
234500.0,-81.19414455842241,-140.0877225521161,-221.28186711053854
234750.0,-81.64241705739414,-100.79295937090313,-182.43537642829727
235000.0,-82.13631847498134,-95.0050585434023,-177.1413770183836
235250.0,-82.68120194882299,-91.80608469800923,-174.4872866468322
235500.0,-83.2837259803933,-89.74890178491621,-173.03262776530948
235750.0,-83.9522964319142,-88.38366011273962,-172.3359565446538
236000.0,-84.69771570081731,-87.51733144523894,-172.21504714605626
236250.0,-85.53416746002802,-87.05682585924666,-172.5909933192747
236500.0,-86.48076903238164,-86.95980766260902,-173.44057669499068
236750.0,-87.56413545724165,-87.21745956453535,-174.781595021777
237000.0,-88.82286627352842,-87.8512793878496,-176.67414566137805
237250.0,-90.31599507084064,-88.9211218792351,-179.23711695007572
237500.0,-92.14052107987753,-90.55181453401667,-182.69233561389422
237750.0,-94.47303298648926,-93.00998712418365,-187.48302011067292
238000.0,-97.6908250738025,-96.98022659840734,-194.67105167220984
238250.0,-102.87577444429604,-105.35735353220554,-208.2331279765016
238500.0,-117.60443181458643,-108.9543012442543,-226.55873305884072
238750.0,-106.87492103245773,-98.1515236986213,-205.02644473107904
239000.0,-99.69969571496114,-93.69628134335981,-193.39597705832094
239250.0,-95.84806463822169,-91.02377514654663,-186.87183978476833
239500.0,-93.21178858727637,-89.26749268308927,-182.47928127036568
239750.0,-91.21465634293968,-88.11078033003527,-179.32543667297494
240000.0,-89.61431212832862,-87.40890530668828,-177.02321743501693
240250.0,-88.28566732117544,-87.09180075610165,-175.37746807727711
240500.0,-87.15566752505781,-87.1311984736897,-174.28686599874752
240750.0,-86.17793042355073,-87.52980265033536,-173.70773307388606
241000.0,-85.32117266956129,-88.32226680856826,-173.64343947812955
241250.0,-84.56330573307034,-89.58881639236735,-174.15212212543767
241500.0,-83.88816395092206,-91.4949324233643,-175.38309637428637
241750.0,-83.28357127806538,-94.4124625538233,-177.69603383188868
242000.0,-82.740139017937,-99.4308092637273,-182.17094828166432
242250.0,-82.25048617171487,-114.37690395336278,-196.62739012507768
242500.0,-81.80871590410703,-103.19941701095968,-185.0081329150667
242750.0,-81.41005347808148,-96.21882344642134,-177.62887692450283
243000.0,-81.05058947780776,-92.63298334679605,-173.6835728246038
243250.0,-80.72709371801719,-90.37177709692678,-171.09887081494395
243500.0,-80.4368778374863,-88.87169319578545,-169.3085710332718
243750.0,-80.17769219281006,-87.90255367182182,-168.08024586463188
244000.0,-79.94764741633418,-87.35482840177296,-167.30247581810715
244250.0,-79.74515404422434,-87.1768842924667,-166.92203833669106
244500.0,-79.5688756158967,-87.35297886315553,-166.92185447905223
244750.0,-79.4176919850471,-87.89746518871144,-167.31515717375854
245000.0,-79.29067049974569,-88.86005871228218,-168.15072921202787
245250.0,-79.18704334841865,-90.34682231330522,-169.53386566172387
245500.0,-79.10618982465516,-92.57992185112488,-171.68611167578004
245750.0,-79.04762259341094,-96.09753034139956,-175.1451529348105
246000.0,-79.0109772864967,-102.81940992557861,-181.83038721207532
246250.0,-78.99600494108589,-116.51642436213841,-195.5124293032243
246500.0,-79.0025669408781,-99.87855761608495,-178.88112455696304
246750.0,-79.0306322383922,-94.71994278332,-173.7505750217122
247000.0,-79.08027673902646,-91.755274305537,-170.83555104456343
247250.0,-79.15168482067598,-89.82825261616864,-168.97993743684464
247500.0,-79.24515305379933,-88.55154577442883,-167.79669882822816
247750.0,-79.3610962829113,-87.75404854548141,-167.11514482839272
248000.0,-79.50005633867144,-87.35285287203446,-166.8529092107059
248250.0,-79.6627137783753,-87.31166553900151,-166.97437931737682
248500.0,-79.84990321411446,-87.6264392974461,-167.47634251156055
248750.0,-80.06263299545375,-88.3239099460183,-168.38654294147204
249000.0,-80.30211029100505,-89.47177648267075,-169.77388677367583
249250.0,-80.56977299043167,-91.21006441223658,-171.77983740266825
249500.0,-80.86733037307528,-93.84333200093765,-174.7106623740129
249750.0,-81.19681523222745,-98.19239026872305,-179.3892055009505
250000.0,-81.56065121787877,-108.34207355793555,-189.90272477581436
250250.0,-81.96174074086086,-106.37555724147433,-188.33729798233517
250500.0,-82.40358115912025,-97.5754329693766,-179.97901412849686
250750.0,-82.89042062648683,-93.51685596268112,-176.40727658916796
251000.0,-83.4274707606834,-91.02424706595474,-174.45171782663812
251250.0,-84.02120267237342,-89.37740927821585,-173.39861195058927
251500.0,-84.67976863757315,-88.29950575998497,-172.9792743975581
251750.0,-85.41361909738556,-87.66154830373502,-173.0751674011206
252000.0,-86.23643444054667,-87.40150025265764,-173.6379346932043
252250.0,-87.16658608483152,-87.49637753233398,-174.66296361716547
252500.0,-88.22953409321062,-87.9536112443974,-176.18314533760804
252750.0,-89.46198867769735,-88.8137422016624,-178.27573087935974
253000.0,-90.91966537510717,-90.16678501522021,-181.08645039032737
253250.0,-92.69315053834626,-92.19904935680604,-184.89219989515232
253500.0,-94.94481797790202,-95.34085944679923,-190.28567742470128
253750.0,-98.01288714988652,-100.94484374175765,-198.9577308916442
254000.0,-102.81864688896006,-126.17871446821553,-228.99736135717558
254250.0,-114.4981526089319,-101.94455449741713,-216.44270710634908
254500.0,-109.24224153522974,-95.839748066651,-205.08198960188076
254750.0,-101.1480921621906,-92.53046239710082,-193.67855455929143
255000.0,-97.05463484867266,-90.413286970331,-187.46792181900364
255250.0,-94.3057319771229,-89.00755028030503,-183.31328225742791
255500.0,-92.2428528285692,-88.10982629076963,-180.35267911933886
255750.0,-90.59899928044695,-87.62232254046437,-178.22132182091133
256000.0,-89.23913071640197,-87.49998329622733,-176.7391140126293
256250.0,-88.08540340990938,-87.73190704420833,-175.81731045411772
256500.0,-87.08884458273731,-88.33737386005409,-175.4262184427914
256750.0,-86.21664696872705,-89.37300855927913,-175.58965552800615
257000.0,-85.44576670088041,-90.95753854716065,-176.40330524804108
257250.0,-84.7594085428186,-93.34283717125032,-178.1022457140689
257500.0,-84.14496444269108,-97.16331953515022,-181.30828397784128
257750.0,-83.59273916434496,-104.94924926974264,-188.5419884340876
258000.0,-83.09512793899309,-111.16518247675138,-194.26031041574447
258250.0,-82.64606653429864,-99.12261088383121,-181.76867741812984
258500.0,-82.2406522634285,-94.46975202681148,-176.71040429024
258750.0,-81.87487600950412,-91.71128318266021,-173.58615919216433
259000.0,-81.54542851943519,-89.90347313527296,-171.44890165470815
259250.0,-81.24955769161262,-88.70986461071828,-169.9594223023309
259500.0,-80.98496169107082,-87.97814216413715,-168.96310385520798
259750.0,-80.74970776271513,-87.63446873426645,-168.38417649698158
260000.0,-80.5421698275392,-87.64816215591557,-168.19033198345477
260250.0,-80.36098005089812,-88.01983442266119,-168.3808144735593
260500.0,-80.20499097889719,-88.78161265353485,-168.98660363243206
260750.0,-80.0732458002989,-90.00963210712997,-170.0828779074289
261000.0,-79.96495496069771,-91.86089963334324,-171.82585459404095
261250.0,-79.87947783066743,-94.68433841539253,-174.56381624605996
261500.0,-79.81630847318465,-99.47385475047248,-179.29016322365712
261750.0,-79.77506480970462,-112.42801688192934,-192.20308169163394
262000.0,-79.7554806762089,-104.54381328790872,-184.29929396411762
262250.0,-79.75740041058079,-97.08153764874984,-176.83893805933064
262500.0,-79.78077573393419,-93.35756616077376,-173.13834189470796
262750.0,-79.82566479195286,-91.02639463090406,-170.85205942285688
263000.0,-79.89223331528997,-89.48096506206652,-169.37319837735646
263250.0,-79.98075794856176,-88.47765168037103,-168.4584096289328
263500.0,-80.09163189124155,-87.90118879304656,-167.99282068428812
263750.0,-80.22537309834664,-87.69681075776205,-167.9221838561087
264000.0,-80.38263541253113,-87.84653665176378,-168.22917206429491
264250.0,-80.56422315223729,-88.3625144156713,-168.9267375679086
264500.0,-80.77110987795896,-89.29145752794199,-170.06256740590095
264750.0,-81.0044623190042,-90.73406775434292,-171.7385300733471
265000.0,-81.26567079902445,-92.90029611680181,-174.16596691582626
265250.0,-81.55638798563642,-96.29054877883603,-177.84693676447245
265500.0,-81.8785784855632,-102.6130593330034,-184.49163781856663
265750.0,-82.23458279964558,-121.82255100273139,-204.05713380237697
266000.0,-82.62720061424548,-100.93537949225447,-183.56258010649995
266250.0,-83.05980059297454,-95.50734085717392,-178.56714145014845
266500.0,-83.53646718481166,-92.43879206214882,-175.97525924696046
266750.0,-84.06220022692081,-90.45286757888528,-174.5150678058061
267000.0,-84.64319162009191,-89.13542392669066,-173.7786155467826
267250.0,-85.28721751433041,-88.30580347695036,-173.59302099128075
267500.0,-86.00420889941714,-87.8766064904514,-173.88081538986853
267750.0,-86.80710752118321,-87.8088352674773,-174.6159427886605
268000.0,-87.71319723632693,-88.09626688701391,-175.80946412334086
268250.0,-88.74626743403945,-88.76320016298388,-177.50946759702333
268500.0,-89.94032249360086,-89.8736265956031,-179.81394908920393
268750.0,-91.34638721656616,-91.5603023485823,-182.90668956514847
269000.0,-93.0461417722654,-94.10941996383175,-187.15556173609716
269250.0,-95.18272686449978,-98.27448894539101,-193.4572158098908
269500.0,-98.04370807699884,-107.51199853111757,-205.5557066081164
269750.0,-102.35965419043872,-108.10326404770973,-210.46291823814843
270000.0,-111.34120846247752,-98.48225992772741,-209.82346839020494
270250.0,-113.16866868594205,-94.24687074869881,-207.41553943464086
270500.0,-102.99529698463962,-91.67198535250677,-194.6672823371464
270750.0,-98.45913232615379,-89.97418240915708,-188.4333147353109
271000.0,-95.51600640900313,-88.85902013048747,-184.37502653949056
271250.0,-93.34326873553833,-88.19045581766842,-181.53372455320675
271500.0,-91.62825894246426,-87.90281031634782,-179.53106925881207
271750.0,-90.21818634693709,-87.97066483788262,-178.18885118481973
272000.0,-89.0268673340657,-88.3992300894869,-177.4260974235526
272250.0,-88.00089244004731,-89.22623112552901,-177.22712356557633
272500.0,-87.10487613371882,-90.53693694644309,-177.6418130801619
272750.0,-86.31417346157036,-92.50744672627431,-178.82162018784467
273000.0,-85.61094203063848,-95.53902350808937,-181.14996553872786
273250.0,-84.98185973817064,-100.84984733520116,-185.83170707337177
273500.0,-84.4167273869769,-119.42960018035797,-203.84632756733484
273750.0,-83.90757405880098,-103.14232913843959,-187.04990319724058
274000.0,-83.44806279318263,-96.65065160765894,-180.09871440084157
274250.0,-83.03308329536905,-93.21393163316445,-176.2470149285335
274500.0,-82.65846532831165,-91.02898739863497,-173.68745272694662
274750.0,-82.32077239210766,-89.57813331401235,-171.89890570612
275000.0,-82.01715025859441,-88.64578405569193,-170.66293431428633
275250.0,-81.74521387760782,-88.12874829229132,-169.87396216989913
275500.0,-81.50296169675995,-87.97890588928135,-169.4818675860413
275750.0,-81.28870994529225,-88.18306167787117,-169.47177162316342
276000.0,-81.10104171712622,-88.75811686278627,-169.8591585799125
276250.0,-80.93876721053654,-89.75730704812392,-170.69607425866047
276500.0,-80.80089251729206,-91.29307371605167,-172.0939662333437
276750.0,-80.68659507210191,-93.60238017156334,-174.28897524366522
277000.0,-80.59520438129987,-97.27053994076243,-177.8657443220623
277250.0,-80.52618701524185,-104.50276361908931,-185.02895063433115
277500.0,-80.47913511824923,-113.925028041039,-194.40416315928826
277750.0,-80.45375789216295,-100.09764529653837,-180.55140318870133
278000.0,-80.44987566673468,-95.21155942525192,-175.66143509198662
278250.0,-80.46741629571972,-92.35526919986708,-172.8226854955868
278500.0,-80.5064137234986,-90.48987987227275,-170.99629359577136
278750.0,-80.56700866128753,-89.25553871024483,-169.82254737153238
279000.0,-80.64945140155368,-88.49117011674339,-169.14062151829708
279250.0,-80.75410689132559,-88.1186594802652,-168.87276637159076
279500.0,-80.88146228565172,-88.10464193823137,-168.9861042238831
279750.0,-81.0321373202518,-88.44746232474009,-169.47959964499188
280000.0,-81.20689798651142,-89.17657772944517,-170.38347571595662
280250.0,-81.40667417657029,-90.36388797206277,-171.77056214863308
280500.0,-81.63258220794587,-92.15778253137796,-173.79036473932382
280750.0,-81.8859534649704,-94.88440084362338,-176.77035430859377
281000.0,-82.16837084403721,-99.44685283635249,-181.6152236803897
281250.0,-82.4817153232948,-110.83044171190154,-193.31215703519635
281500.0,-82.82822588393854,-105.99372401225956,-188.82194989619808
281750.0,-83.21057733247622,-97.92897784630267,-181.1395551787789
282000.0,-83.63198254578818,-94.04555929880809,-177.67754184459625
282250.0,-84.096328660128,-91.63575988927148,-175.73208854939946
282500.0,-84.60836140967912,-90.04014431584238,-174.6485057255215
282750.0,-85.1739393243287,-88.99941714237914,-174.17335646670784
283000.0,-85.80039189859419,-88.39176123624432,-174.1921531348385
283250.0,-86.49703705874495,-88.15889922740759,-174.65593628615252
283500.0,-87.27595102434599,-88.28039750023413,-175.5563485245801
283750.0,-88.15315410340447,-88.76605036857336,-176.91920447197785
284000.0,-89.15051477508328,-89.65944213533142,-178.8099569104147
284250.0,-90.29896669891058,-91.05579241356835,-181.35475911247892
284500.0,-91.6443009930608,-93.15279907288141,-184.7971000659422
284750.0,-93.25848734068029,-96.41404300325532,-189.67253034393562
285000.0,-95.26438520261932,-102.35516471594231,-197.61954991856163
285250.0,-97.89892605745239,-135.96931775703948,-233.86824381449188
285500.0,-101.72077783661949,-102.01787196240889,-203.7386497990284
285750.0,-108.73182448094441,-96.2690129907955,-205.0008374717399
286000.0,-121.08697022171188,-93.08251462770866,-214.16948484942054
286250.0,-105.33389888663216,-91.03110044459461,-196.36499933122676
286500.0,-100.07290301017464,-89.66896008721801,-189.74186309739267
286750.0,-96.84084954276526,-88.80443888728371,-185.64528843004896
287000.0,-94.51180156589146,-88.34506264099984,-182.8568642068913
287250.0,-92.69823418249437,-88.2488392730119,-180.94707345550628
287500.0,-91.21991741155566,-88.50719630290577,-179.7271137144614
287750.0,-89.97823012350003,-89.14186886801674,-179.12009899151678
288000.0,-88.9133062482877,-90.21303305987024,-179.12633930815792
288250.0,-87.98607452517153,-91.84610237427295,-179.83217689944445
288500.0,-87.1696322010793,-94.30911407908198,-181.4787462801613
288750.0,-86.44467609672803,-98.29149709512826,-184.73617319185632
289000.0,-85.7968967525821,-106.72508642071028,-192.52198317329237
289250.0,-85.21540323966065,-110.09076621618404,-195.3061694558447
289500.0,-84.691725230251,-99.38503192401583,-184.0767571542668
289750.0,-84.2191558284849,-94.94488568527785,-179.16404151376275
290000.0,-83.79230452884804,-92.27780249925623,-176.07010702810427
290250.0,-83.40678461926146,-90.52386556865457,-173.93065018791603
290500.0,-83.05898937272694,-89.36814277884984,-172.42713215157679
290750.0,-82.74592851300012,-88.66655917870537,-171.41248769170548
291000.0,-82.46510660220436,-88.34936574379172,-170.81447234599608
291250.0,-82.21443122431472,-88.38848294356625,-170.60291416788095
291500.0,-81.99214276540926,-88.78675830658662,-170.77890107199585
291750.0,-81.79676013301201,-89.57899474289911,-171.3757548759111
292000.0,-81.62703844060724,-90.84563605566329,-172.47267449627054
292250.0,-81.48193582275404,-92.75259576570227,-174.23453158845632
292500.0,-81.36058733307067,-95.67288226988401,-177.0334696029547
292750.0,-81.26228442970452,-100.70081925430387,-181.9631036840084
293000.0,-81.18645895206832,-115.76004533980388,-196.9465042918722
293250.0,-81.13267077884726,-104.40391575386143,-185.53658653270867
293500.0,-81.10059857872443,-97.44291025050912,-178.54350882923353
293750.0,-81.09003322867552,-93.86140802077574,-174.95144124945128
294000.0,-81.10087360853004,-91.60135402382998,-172.70222763236004
294250.0,-81.13312459019106,-90.10122190525338,-171.2343464954444
294500.0,-81.18689713556066,-89.13144947921478,-170.31834661477544
294750.0,-81.26241050764412,-88.5827624375946,-169.8451729452387
295000.0,-81.35999668887098,-88.4036556516812,-169.7636523405522
295250.0,-81.48010719813287,-88.57846130875984,-170.0585685068927
295500.0,-81.62332260929061,-89.12158452833216,-170.74490713762276
295750.0,-81.79036520917336,-90.0827878289398,-171.87315303811317
296000.0,-81.98211540348397,-91.56819529952512,-173.55031070300907
296250.0,-82.19963270216061,-93.8000917138038,-175.99972441596438
296500.0,-82.4441824137659,-97.3170010082865,-179.7611834220524
296750.0,-82.71726958799076,-104.0406900652292,-186.75795965321996
297000.0,-83.0206823164421,-117.6972604015447,-200.7179427179868
297250.0,-83.35654731551855,-101.08484239104371,-184.44138970656226
297500.0,-83.72740189632268,-95.92646389421867,-179.65386579054137
297750.0,-84.13628817448836,-92.96063537149604,-177.0969235459844
298000.0,-84.58687801764675,-91.03203149631362,-175.61890951396038
298250.0,-85.08364132290248,-89.7535372450094,-174.83717856791188
298500.0,-85.63207672800326,-88.95411834733832,-174.5861950753416
298750.0,-86.23903451494014,-88.55089040921241,-174.78992492415256
299000.0,-86.9131795014523,-88.50756075790633,-175.4207402593586
299250.0,-87.6656734272872,-88.82006410363863,-176.4857375309258
299500.0,-88.51121463689219,-89.51509361324321,-178.0263082501354
299750.0,-89.46968576709065,-90.66025982181286,-180.12994558890352
300000.0,-90.56889295798345,-92.39539182995156,-182.96428478793501
