mode,offset_hz,current_window_response_db,fixed_window_response_db
1K,100.0,-0.17722290270710703,0.004386857677644161
1K,103.45848160817529,-0.17730674325655008,0.004649992457735622
1K,107.03657416669135,-0.17740288161995107,0.004924952748536569
1K,110.73841439826728,-0.1775131227239719,0.005211584077404724
1K,114.5682820934163,-0.1776395369897107,0.005509574781721814
1K,118.53060505841937,-0.1777844995301629,0.005818423078394889
1K,122.62996423442371,-0.1779507351633561,0.006137398516094263
1K,126.87109899358319,-0.1781413701112201,0.006465496909359542
1K,131.258912618366,-0.17835999138106431,0.006801387716384716
1K,135.79847797036308,-0.17861071498032108,0.007143352655602739
1K,140.49504335515007,-0.178898264284114,0.007489214171778785
1K,145.35403858998583,-0.1792280600768331,0.007836252141574341
1K,150.38108128136037,-0.17960632401492718,0.008181106959923377
1K,155.58198331965136,-0.18004019752129144,0.00851966685779373
1K,160.96275759839585,-0.18053787842340974,0.008846936967166886
1K,166.529624965948,-0.1811087779918491,0.009156887265260245
1K,172.2890214175586,-0.18176370143502152,0.009442276083578121
1K,178.24760553619006,-0.18251505535967405,0.009694445357712227
1K,184.41226619067186,-0.1833770862297232,0.009903083204231816
1K,190.7901305000955,-0.18436615445265142,0.010055948735371335
1K,197.38857207365496,-0.18550104940566353,0.010138553246300676
1K,204.21521953546196,-0.18680335149438737,0.010133791019315087
1K,211.2779653441907,-0.188297848225869,0.010021511971615257
1K,218.5849749177465,-0.19001301228795753,0.009778027212082728
1K,226.14469607351114,-0.19198155078025336,0.009375537243389468
1K,233.96586879507743,-0.19424103604010412,0.008781471042640307
1K,242.05753533676273,-0.19683462998397627,0.007957722539576655
1K,250.42905067758684,-0.19981191554248845,0.006859769079330729
1K,259.09009333679916,-0.20322985063366245,0.005435654275002676
1K,268.0506765634566,-0.20715386220927734,0.0036248152037670163
1K,277.32115991299287,-0.21165910023832213,0.0013567311587203853
1K,286.91226122416214,-0.2168318740795952,-0.001450631888014163
1K,296.8350690101997,-0.22277129655496844,-0.004892610345134994
1K,307.10105527853153,-0.22959116417730552,-0.009079898559639562
1K,317.7220887938518,-0.23742210541784023,-0.014140907948818034
1K,328.71044879989756,-0.2464140326235044,-0.020224471261445966
1K,340.07883921579213,-0.2567389372034017,-0.0275029383717512
1K,351.84040332336633,-0.2685940719872274,-0.0361757152316597
1K,364.00873896243473,-0.282205569192116,-0.04647330318920798
1K,376.59791425160137,-0.2978325471833914,-0.0586619018067871
1K,389.6224838527644,-0.3157717641390526,-0.07304864456652463
1K,403.097505798128,-0.3363628817672287,-0.08998754340735222
1K,417.03855889916963,-0.3599944073253557,-0.10988622489693912
1K,431.4617607576967,-0.38711038726713787,-0.13321354799578458
1K,446.3837863998105,-0.4182179308398042,-0.16050820087359124
1K,461.8218875543244,-0.4538956467892586,-0.1923883821692925
1K,477.79391259791873,-0.4948030809520454,-0.22956268062244542
1K,494.3183271900984,-0.5416912468755573,-0.27284227642415054
1K,511.41423562180773,-0.5954143456994625,-0.32315459838286453
1K,529.1014029023783,-0.6569427753581952,-0.38155858371653945
1K,547.4002776103539,-0.7273775327673727,-0.4492617028926694
1K,566.3320155346086,-0.807966116077632,-0.5276389317137342
1K,585.9185041330813,-0.9001200373250167,-0.618253878507993
1K,606.1823878374192,-1.0054340587678794,-0.7228823081210134
1K,627.1470942327742,-1.1257072684989526,-0.8435383494104995
1K,648.8368611430205,-1.262966111669011,-0.9825037330370927
1K,671.276764652713,-1.4194894910102265,-1.142360486576993
1K,694.4927480981813,-1.5978360408480725,-1.3260276209684683
1K,718.5116520612681,-1.8008736561894763,-1.536802484675916
1K,743.3612454004027,-2.031811311888147,-1.7784076511708282
1K,769.0702573548785,-2.2942331176553488,-2.055044456792333
1K,795.6684107594434,-2.592134391150504,-2.3714546408547315
1K,823.1864564076186,-2.9299592400319066,-2.73299198746543
1K,851.656208603466,-3.312638634067672,-3.145706470833372
1K,881.1105819428999,-3.745627066154374,-3.6164442238084744
1K,911.5836293670806,-4.234934382798431,-4.152967773300035
1K,943.1105815318779,-4.787146756196716,-4.764102552655722
1K,975.7278875389129,-5.4094262845834065,-5.459917921052901
1K,1000.0,-5.907086330639352,-6.021941497563123
1K,1009.4732570752825,-6.109470977302277,-6.251954126843
1K,1044.3857040106793,-6.895403537779772,-7.153511385576353
1K,1080.5055915023008,-7.775534366925758,-8.180024403229528
1K,1117.8746786597123,-8.757904986621654,-9.34955680585422
1K,1156.536168823607,-9.849452949519454,-10.683467790139376
1K,1196.5347595142669,-11.054537872276821,-12.207332994271399
1K,1237.9166941074911,-12.37243374237722,-13.952253061164877
1K,1280.7298152977316,-13.793293845280699,-15.95677716469211
1K,1325.0236204102198,-15.292307116562839,-18.269850228370142
1K,1370.8493186260841,-16.8230140363621,-20.95557027010917
1K,1418.2598901865651,-18.314097040798934,-24.101403792630673
1K,1467.3101476447932,-19.67850246575829,-27.8337163810488
1K,1518.0567992359765,-20.841428432157166,-32.351094865340244
1K,1570.558514439209,-21.774504668737734,-38.01061789708251
1K,1624.8759918067185,-22.505431137422022,-45.6319387452703
1K,1681.072029139008,-23.092977730124623,-58.580824810869714
1K,1739.2115960869617,-23.59387237809528,-64.49012024991416
1K,1799.3619092648794,-24.046735023462467,-59.469459306180575
1K,1861.592509961317,-24.47303872722477,-59.70872058156998
1K,1925.9753445374981,-24.883617884184766,-59.686088852807046
1K,1992.5848476063163,-25.283383396533424,-57.92929673708131
1K,2061.4980280880686,-25.67369391519806,-55.75254597600583
1K,2132.794558242391,-26.05417366305419,-54.70724699656455
1K,2206.556865779365,-26.424092132510886,-55.88090630618089
1K,2282.8702291562736,-26.782538300690856,-61.74505649678067
1K,2361.8228761701525,-27.128927329905814,-68.88475877636013
1K,2443.5060859601717,-27.4660764517916,-56.5159001643563
1K,2528.0142945377484,-27.802578360540572,-53.71251322972617
1K,2615.445203966379,-28.147430454945056,-55.280795023131674
1K,2705.899895317456,-28.499696791006414,-65.26127291831682
1K,2799.482945532645,-28.848583586640974,-60.74362563270093
1K,2896.3025483278957,-29.18761361715445,-54.56464181075623
1K,2996.4706392789253,-29.519605925802118,-55.32613576461762
1K,3000.0,-29.530983974702313,-55.46491329965994
1K,3100.1030252327596,-29.84248091036527,-66.25577036772366
1K,3207.3195181949204,-30.150308220091745,-59.684890969759905
1K,3318.244073847105,-30.456811681492738,-54.97925585477314
1K,3433.004934855474,-30.782854032621646,-58.73383129111447
1K,3551.7347791352004,-31.117444954746443,-68.40489367420808
1K,3674.5708732427534,-31.44116267147367,-56.27505788128106
1K,3801.6552310732204,-31.760404594642104,-58.07789657862961
1K,3933.1347780461215,-32.067631296147425,-72.49038133084608
1K,4069.1615209695888,-32.359032802941805,-56.99112474030528
1K,4209.892723779269,-32.67209126807939,-60.063525043530845
1K,4355.491089355084,-32.99770190817165,-65.02675872114762
1K,4506.124947626139,-33.311426700528855,-57.406841753863304
1K,4661.968450181188,-33.6231158255636,-69.45115263612563
1K,4823.201771609639,-33.910226664166125,-59.27949857179048
1K,4990.011317805938,-34.21455788884666,-61.50037348540452
1K,5162.589941478128,-34.53403767442624,-63.19301910056332
1K,5341.1371651096515,-34.84416664097358,-59.984045579145324
1K,5525.859411632378,-35.14405367507767,-67.14634685524821
1K,5716.970243077313,-35.43068868929729,-60.118349007274176
1K,5914.69060747899,-35.7484447569091,-67.9903764596631
1K,6119.249094319117,-36.05614372333403,-61.11150788291444
1K,6330.882198804584,-36.35281510671489,-65.26846546809337
1K,6549.834595285477,-36.64458817223123,-63.84037028940202
1K,6776.359420129328,-36.95564721557431,-62.249609137646445
1K,7010.718564378355,-37.26501944957179,-75.18754239092416
1K,7253.182976528305,-37.544710245890734,-61.78377065058609
1K,7504.032975778838,-37.856456874378985,-66.62749073947147
1K,7763.558576117558,-38.16469816670958,-69.89939317854723
1K,8032.059821612491,-38.445115033026944,-62.713181265260395
1K,8309.847133300596,-38.75417555338372,-65.59834392106343
1K,8597.24166807328,-39.061849254843985,-102.75202774335841
1K,8894.575689973968,-39.345711900029336,-66.86933538921595
1K,9202.19295433695,-39.65096999670148,-63.99621573507954
1K,9520.449105211495,-39.9445363022835,-65.05433004126469
1K,9849.712086530915,-40.24629079491245,-68.93713114979413
1K,10000.0,-40.38039371595823,-65.06898395827422
1K,10190.362567501796,-40.5515974885399,-77.10312803615344
1K,10200.0,-40.5592233605491,-74.81297867294532
1K,10542.794382705235,-40.841736313645676,-89.73833113656029
1K,10907.414987418822,-41.14806940116463,-77.13975224670078
1K,11284.645928686046,-41.43542126091475,-74.66227214538117
1K,11674.923332677368,-41.74208170934719,-74.96666995104985
1K,12078.698408906568,-42.03073598518337,-78.11254728357243
1K,12496.437971885553,-42.33672102281193,-92.78339424079303
1K,12928.624980820261,-42.625794097649774,-78.34789288137175
1K,13375.759097971873,-42.92518077987471,-71.11160436049884
1K,13838.35726632905,-43.216655887258774,-68.3346189144554
1K,14000.0,-43.3263546374829,-74.23262766895947
1K,14316.954307258644,-43.511898743591544,-69.3719478587416
1K,14812.10353882603,-43.81935349141341,-80.20901061754228
1K,15324.377415500196,-44.10783335575462,-72.94590735929097
1K,15854.368189982655,-44.40206241136869,-69.87775550018911
1K,16402.688597925615,-44.70866379082225,-96.81116353406546
1K,16969.97256633109,-44.995254970235415,-70.55515133476031
1K,17556.875946450058,-45.295144838871565,-85.47521494304847
1K,18164.077272028208,-45.58876580536554,-71.22740413861442
1K,18792.278543775992,-45.89234226070203,-81.52865152449033
1K,19442.206040969577,-46.185302865900866,-75.62728755848781
1K,20114.61116112008,-46.476312645583576,-72.5550119160569
1K,20810.27128868333,-46.77355206830135,-75.49691239954268
1K,21529.990693813845,-47.07165885787789,-82.64843141455654
1K,22274.601462201274,-47.36843509799391,-98.09352993156502
1K,23044.96445706578,-47.66456550962815,-105.72333587518996
1K,23841.970314423957,-47.96039591293412,-94.82623652384802
1K,24666.54047277495,-48.255379897928734,-82.74770723101958
1K,25519.62823839891,-48.54918521778206,-77.42294700131832
1K,26402.21988749867,-48.84507660146951,-76.97804743257278
1K,27315.335806457842,-49.14533393164773,-89.84312748324116
1K,28260.03167153542,-49.4397172275901,-78.94815301605581
1K,29237.399669360017,-49.7359263268592,-85.1097993737475
1K,30248.569759633567,-50.02839115626891,-79.33385541949212
1K,31294.710981506538,-50.32805805198639,-89.04482464066207
1K,32377.032805133524,-50.623373534564806,-89.47160833553897
1K,33496.786529971985,-50.91730530796618,-84.31827770707004
1K,34655.266731440766,-51.21426971741255,-84.26456823791915
1K,35853.812757611704,-51.50888524092483,-86.97087902915159
1K,37093.810277663346,-51.80604688185197,-101.56090945542124
1K,38376.692883887736,-52.100904663664274,-87.88424107278551
1K,39703.943749102866,-52.3953269934787,-86.52612630563625
1K,41077.097341385896,-52.69225514016364,-93.16860012576322
1K,42497.74119810995,-52.98806830635519,-92.09699522955448
1K,43967.51776133647,-53.28304332772133,-88.98688527497562
1K,45488.12627668355,-53.578418954121474,-90.16057508299542
1K,47061.324757866154,-53.873935883824366,-91.34739930247017
1K,48688.93201918055,-54.16963064214851,-93.59678479925873
1K,50372.82977828094,-54.465419279533485,-111.03318028910687
1K,52114.964831680176,-54.76052281791185,-95.99960943218517
1K,53917.3513054908,-55.05578799933716,-118.18320893984081
1K,55782.072984006525,-55.35145414416284,-103.8498999682036
1K,57711.28571881726,-55.64678064467243,-103.8518324983818
1K,59707.21992124398,-55.94223633771136,-110.08543019057382
1K,61772.183140973044,-56.23752849883842,-112.95796935937253
1K,63908.56273387189,-56.533057289970884,-108.39588684162595
1K,66118.82862207196,-56.82843213328782,-113.20057072271503
1K,68405.53614950733,-57.12377543360497,-122.2564925068295
1K,70771.32903621167,-57.4191457044823,-122.44334134917577
1K,73218.9424347902,-57.71452874019148,-120.71302737310732
1K,75751.20609259796,-58.00989491655854,-137.48236059863214
1K,78371.04762328134,-58.30523327092016,-130.25153693666044
1K,81081.49589146675,-58.600607731076295,-135.17684699017244
1K,83885.68451450662,-58.89596045201565,-144.5029026951945
1K,86786.8554853327,-59.191321821056064,-154.68628331542058
1K,89788.36292060651,-59.48667429384446,-167.14151236247199
1K,92893.67693849746,-59.78202574804783,-178.51396535289445
1K,96106.38767057308,-60.07737560324407,-211.16595236476877
1K,99430.2094124414,-60.37272357619347,-224.72340841863866
1K,100000.0,-60.4223606710681,-316.718479610358
1K,102868.98491794096,-60.66806974289306,-210.85146708404721
1K,106426.68984184446,-60.96341416864912,-182.6046649461594
1K,110107.43733621431,-61.258757578047124,-176.3263114171566
1K,113915.48280572055,-61.554099179929736,-160.032830553544
1K,117855.22882742036,-61.84943952272122,-154.9087782500853
1K,121931.23024068947,-62.14477976426654,-155.64371511544698
1K,126148.19941318572,-62.44011379995829,-158.9076968568011
1K,130511.01168893492,-62.73545364394077,-152.13342049906635
1K,135024.7110248401,-63.0307832160539,-142.12026715856243
1K,139694.51582212618,-63.326117197766834,-140.8812268943719
1K,144525.8249594638,-63.6214510902727,-167.11745879143305
1K,149524.2240347503,-63.91679018955025,-145.3606366534277
1K,154695.49182275916,-64.21211587348509,-166.80517963632622
1K,160045.6069561254,-64.50745022542192,-148.30576404432162
1K,165580.75483739536,-64.8027800720259,-159.41890225841155
1K,171307.3347901247,-65.0981079763699,-155.8358249427607
1K,177231.96745729627,-65.39343809845735,-165.61944993958707
1K,183361.5024556139,-65.68876546207524,-174.7224755970029
1K,189703.02629451538,-65.98409279833928,-192.50945672645005
1K,196263.87056906294,-66.27941947224846,-227.97106388309464
1K,203051.62043618676,-66.57474554017743,-241.06824310423076
1K,210074.1233840744,-66.87007105845014,-200.64343102548685
1K,217339.49830484786,-67.16539600338295,-181.0478268582415
1K,224856.14488102126,-67.46072024719615,-172.02964036613412
1K,232632.7532965836,-67.75604378365594,-166.08879966360715
1K,240678.314283938,-68.05136736579163,-171.23741867539758
1K,249002.12951831357,-68.34669029251823,-163.6751901195568
1K,257613.82237166955,-68.64201278718929,-166.0123031725554
1K,266523.3490385114,-68.93733407668664,-173.2028919120667
1K,275741.0100465003,-69.23265560187919,-191.0231059361908
1K,285277.4621651556,-69.52797622344876,-199.0097352675845
1K,295143.730726407,-69.82329637798142,-236.72607948859377
1K,305351.22237126133,-70.11861601303013,-236.05344610755031
1K,315911.73823731014,-70.41393508080074,-201.88202915860856
1K,326837.48760231474,-70.70925363638706,-187.3575261179997
1K,338141.101999662,-71.00457144361543,-180.15767882327071
1K,349835.6498220019,-71.29988886661303,-178.5678374304737
1K,361934.65142993676,-71.59520555865464,-182.3982127572644
1K,374452.0947832533,-71.8905216768684,-193.13817173568475
1K,387402.4516127597,-72.1858371215214,-219.04641832303216
1K,400800.6941514076,-72.48115182751714,-272.38257930597047
1K,414662.3124440717,-72.77646580199514,-213.88292635228962
1K,429003.3322559847,-73.071779025936,-198.44636724227763
1K,443840.33360051754,-73.36709137697399,-192.85590278891266
1K,459190.46990775486,-73.6624029404705,-191.61131524061813
1K,475071.4878560078,-73.9577135403805,-208.87344505818209
1K,491501.74788919307,-74.25302320250611,-242.23468146580655
1K,508500.2454438004,-74.54833184991368,-243.8406405034239
1K,526086.6329099999,-74.84363941857332,-210.78937741124693
1K,544281.2423522616,-75.13894584094542,-198.92986954732442
1K,563105.109015762,-75.43425106440958,-202.10772540251685
1K,582579.995645767,-75.72955496571902,-223.49382022678665
1K,602728.4176480848,-76.0248575018037,-308.9865615228721
1K,623573.6691196891,-76.32015857270363,-218.13226826570403
1K,645139.8497796168,-76.61545806513497,-205.4225164817318
1K,667451.8928312553,-76.9107559002727,-213.30138817317774
1K,690535.5937882415,-77.20605195769976,-254.39800057519312
1K,714417.6402973111,-77.50134610843362,-248.49024870717687
1K,739125.6429925543,-77.79663823071411,-219.15822363642582
1K,764688.1674167585,-78.09192818721596,-216.55755751165418
1K,791134.7670467589,-78.38721582085572,-260.1513187956029
1K,818496.0174609524,-78.68250098218772,-237.1127780070668
1K,846803.5516884859,-78.97778349481692,-222.14273179210193
1K,876090.0967810064,-79.27306318458234,-235.8167906355138
1K,906389.5116492236,-79.56833984851203,-276.75891872331607
1K,937736.8262080409,-79.86361327931786,-224.24094226205898
1K,970168.2818755318,-80.15888324858311,-230.86756350601078
1K,1000000.0,-80.42189235046959,-332.1616779945805
1K,1003721.3734725483,-80.45414951806393,-298.9017976111797
1K,1038434.8925714198,-80.74941183223423,-228.39581296298164
1K,1074348.9723438763,-81.04466991067898,-239.5691448632686
1K,1111505.1339600105,-81.33992346129519,-264.73556714438314
1K,1149946.3345919405,-81.63517216463701,-237.53908967869197
1K,1189717.0170776877,-81.93041568491621,-272.84905818589004
1K,1230863.1613026524,-82.22565365576543,-271.25386532614493
1K,1273432.3373581083,-82.52088569006665,-273.98327723923296
1K,1317473.760538194,-82.81611137053196,-260.92738554526716
1K,1363038.3482389443,-83.11133025270891,-240.99097643762914
1K,1410178.7788251631,-83.40654185789667,-295.27974862136966
1K,1458949.5525332207,-83.70174567676686,-252.93885762666986
1K,1509407.0544801396,-83.99694116148538,-297.5198725092118
1K,1561609.6198518341,-84.29212772728711,-247.92355041878753
1K,1615617.6013459042,-84.58730474712817,-293.15917064686244
1K,1671493.438946897,-84.88247155020576,-276.6845773383453
1K,1729301.7321147304,-85.17762741839014,-285.0642657239898
1K,1789109.3144697733,-85.47277158297626,-295.25762724706783
1K,1850985.3310608636,-85.76790322085884,-250.67373673790462
1K,1915001.3183056242,-86.06302145109174,-279.9976746162995
1K,1981231.2866955365,-86.35812533074086,-291.24197896870464
1K,2049751.8063613186,-86.65321385027926,-255.87352434430227
1K,2120642.0955975633,-86.94828592910707,-280.39522560073044
1K,2193984.112449026,-87.24334041060835,-316.678297983951
1K,2269862.649464366,-87.53837605649727,-273.6237186769828
1K,2348365.4317269293,-87.83339154136468,-266.23064366260155
1K,2429583.218275954,-88.12838544652557,-272.6545330716954
1K,2513609.9070353387,-88.42335625308502,-300.59775731256394
1K,2600542.6433714256,-88.71830233534142,-340.85600509678414
1K,2690481.9324051845,-89.01322195300034,-310.22697471877945
1K,2783531.7552086944,-89.30811324316454,-299.4576206151719
1K,2879799.689020303,-89.60297421165643,-289.99538435066063
1K,2979397.0316173625,-89.89780272380108,-291.5984569507349
1K,3082438.9299903666,-90.19259649448132,-311.5932825933529
1K,3189044.5134673156,-90.48735307754642,-330.39892806934733
1K,3299337.0314421095,-90.78206985441645,-321.4227249610553
1K,3413443.9958662484,-91.07674402197561,-308.5112348326705
1K,3531497.328668643,-91.37137257946068,-285.64629622609874
1K,3653633.5142738535,-91.6659523145616,-282.15116237318875
1K,3779993.7573951394,-91.96047978845766,-304.2302111795427
1K,3910724.1462848205,-92.25495131984383,-321.64175949039765
1K,4045975.8216305557,-92.54936296773131,-286.617060474128
1K,4185905.151292864,-92.84371051316312,-327.8850293834547
1K,4330673.911085985,-93.13798943947388,-294.3491583302626
1K,4480449.471810944,-93.43219491129575,-325.048360476041
1K,4635404.992757108,-93.72632175197616,-295.02526182270714
1K,4795719.621896047,-94.02036441940027,-375.66878748931026
1K,4961578.702998981,-94.31431698013078,-296.6203805861954
1K,5133173.989917338,-94.60817308164567,-312.4217534506703
1K,5310703.868274262,-94.90192592264428,-335.2924395238855
1K,5494373.5848231865,-95.19556822119412,-358.1541687272429
1K,5684395.484738733,-95.48909218062715,-340.27081107562816
1K,5880989.257114363,-95.78248945296168,-321.9173126879003
1K,6084382.188950434,-96.0757510997275,-350.7856193309749
1K,6294809.427926372,-96.3688675499709,-369.93349603475065
1K,6512514.254260884,-96.66182855522044,-358.99202351446377
1K,6737748.361974297,-96.95462314123318,-310.00358888070645
1K,6970772.1498783035,-97.24723955623871,-321.4903966769395
1K,7211855.022629643,-97.53966521545846,-345.64102331633086
1K,7461275.702195563,-97.83188664159262,-321.0052628097546
1K,7719322.5500912415,-98.12388940099368,-331.98431099183773
1K,7986293.900761867,-98.41565803520402,-356.2799610553708
1K,8262498.4064945495,-98.70717598748791,-355.51724583965597
1K,8548255.394258931,-98.99842552401628,-316.89019100799646
1K,8843895.23488924,-99.28938764925407,-319.61616650211806
1K,9149759.725034166,-99.58004201515143,-320.275917886955
1K,9466202.482316693,-99.87036682363481,-325.85452661061333
1K,9793589.354160259,-100.16033872188683,-375.8427621493661
1K,10000000.0,-100.33803359391166,-328.8879497812513
1K,10132298.840754095,-100.44993268987069,-331.2461610220353
1K,10482722.532646922,-100.73912191947932,-352.10474520560626
1K,10845265.563474575,-101.0278776846499,-335.96462478364504
1K,11220347.078345101,-101.31616920173677,-358.067315895396
1K,11608400.718423089,-101.6039634793703,-371.72422567996284
1K,12009875.122273052,-101.89122515694548,-375.6629621589073
1K,12425234.444541674,-102.17791633082918,-344.933959620042
1K,12854958.892578797,-102.46399636727362,-336.32998455841687
1K,13299545.281617142,-102.7494217009264,-316.3505920126909
1K,13759507.609152803,-103.03414561786661,-339.66149139453375
1K,14000000.0,-103.1789616543132,-312.8153797817388
1K,14235377.649190819,-103.31811802149203,-342.41796475614984
1K,14727705.567042395,-103.60128518038042,-360.0129553647412
1K,15237060.55538475,-103.88358945606912,-352.4547855942248
1K,15764031.492319247,-104.16496900916782,-358.3665785259688
1K,16309227.622188088,-104.44535748202831,-385.167775836385
1K,16873279.25993689,-104.7246836556724,-356.15472708649725
1K,17456838.519837845,-105.00287107877483,-347.4843918422969
1K,18060580.069415316,-105.27983766605784,-361.57338745658296
1K,18685201.9094458,-105.55549526335662,-362.70515411181856
1K,19331426.18093438,-105.82974917589546,-357.80322350288856
1K,20000000.0,-106.10249765683452,-297.20310352855836
10K,100.0,-0.04413264314541879,0.00045008441891122164
10K,103.45848160817529,-0.04410390091405554,0.0004794516918018633
10K,107.03657416669135,-0.04407345180067086,0.0005105588371197342
10K,110.73841439826728,-0.04404121977179779,0.0005434827034838021
10K,114.5682820934163,-0.044007129442730046,0.0005782993496116567
10K,118.53060505841937,-0.04397110690487638,0.0006150831826662763
10K,122.62996423442371,-0.04393308070424314,0.0006539059405109532
10K,126.87109899358319,-0.04389298299284415,0.0006948354955250572
10K,131.258912618366,-0.04385075087307645,0.0007379344594137465
10K,135.79847797036308,-0.043806327960839754,0.00078325856269461
10K,140.49504335515007,-0.0437596661913387,0.0008308547843445751
10K,145.35403858998583,-0.043710727896562454,0.0008807592021277828
10K,150.38108128136037,-0.04365948818276949,0.0009329945347399853
10K,155.58198331965136,-0.043605937638704906,0.000987567344675489
10K,160.96275759839585,-0.04355008540652762,0.0010444648694728437
10K,166.529624965948,-0.04349196264626874,0.0011036514504279033
10K,172.2890214175586,-0.043431626426375367,0.001165064526209293
10K,178.24760553619006,-0.043369164069545975,0.0012286101625525643
10K,184.41226619067186,-0.04330469798156994,0.001294158091001336
10K,190.7901305000955,-0.04323839098555823,0.0013615362354935726
10K,197.38857207365496,-0.043170452177274415,0.0014305247128544806
10K,204.21521953546196,-0.043101143308535074,0.0015008493027516214
10K,211.2779653441907,-0.043030785692857634,0.0015721743963428617
10K,218.5849749177465,-0.042959767609150525,0.001644095452399014
10K,226.14469607351114,-0.042888552161513695,0.0017161310086565536
10K,233.96586879507743,-0.04281768552161125,0.0017877143294614535
10K,242.05753533676273,-0.04274780545049469,0.0018581848020778162
10K,250.42905067758684,-0.04267964995324405,0.0019267792398246187
10K,259.09009333679916,-0.042614065870401216,0.00199262330193452
10K,268.0506765634566,-0.042552017152035757,0.002054723301013064
10K,277.32115991299287,-0.04249459248927231,0.0021119587429297045
10K,286.91226122416214,-0.04244301189803103,0.002163076027355346
10K,296.8350690101997,-0.04239863175779597,0.002206683832451398
10K,307.10105527853153,-0.04236294770568965,0.0022412508130606234
10K,317.7220887938518,-0.04233759467194565,0.0022651063591504245
10K,328.71044879989756,-0.04232434322440823,0.002276445282162897
10K,340.07883921579213,-0.04232509126413043,0.002273337424250863
10K,351.84040332336633,-0.04234184999260999,0.0022537433069014273
10K,364.00873896243473,-0.04237672296012661,0.0022155370445479956
10K,376.59791425160137,-0.04243187691405834,0.0021565378341321887
10K,389.6224838527644,-0.042509503115553945,0.0020745513727380514
10K,403.097505798128,-0.0426117677966581,0.001967422536973463
10K,417.03855889916963,-0.04274075052205276,0.0018331005438903575
10K,431.4617607576967,-0.04289836941862593,0.0016697175839036355
10K,446.3837863998105,-0.043086292593086585,0.0014756815185544832
10K,461.8218875543244,-0.04330583560392263,0.001249782637221283
10K,477.79391259791873,-0.04355784564247582,0.000991313612472822
10K,494.3183271900984,-0.043842574153645064,0.0007002006377985738
10K,511.41423562180773,-0.044159541040186504,0.00037714222389654943
10K,529.1014029023783,-0.044507395377785336,2.3750240350869058e-05
10K,547.4002776103539,-0.044883779744473294,-0.0003573145008951735
10K,566.3320155346086,-0.04528520782414938,-0.0007622224939435176
10K,585.9185041330813,-0.04570696781921127,-0.0011858849701200508
10K,606.1823878374192,-0.04614306727233204,-0.0016219089997316632
10K,627.1470942327742,-0.046586237926874864,-0.002062617799011031
10K,648.8368611430205,-0.04702802190907852,-0.0024991583609264836
10K,671.276764652713,-0.04745896228871157,-0.0029217201055519813
10K,694.4927480981813,-0.047868921318982974,-0.0033198881195852176
10K,718.5116520612681,-0.04824754752429532,-0.0036831518278801377
10K,743.3612454004027,-0.04858490731034168,-0.0040015835786508976
10K,769.0702573548785,-0.048872286826736645,-0.004266690503464976
10K,795.6684107594434,-0.04910315435523214,-0.004472426060398908
10K,823.1864564076186,-0.049274251688804366,-0.004616324082894117
10K,851.656208603466,-0.049386754480159833,-0.004700687719039679
10K,881.1105819428999,-0.049447406955679396,-0.00473372915216575
10K,911.5836293670806,-0.049469497697475925,-0.004730515776227602
10K,943.1105815318779,-0.049473504307834495,-0.004713538980984984
10K,975.7278875389129,-0.049487202073997774,-0.00471268994287808
10K,1000.0,-0.04952236116235585,-0.004742495496402606
10K,1009.4732570752825,-0.04954501441202956,-0.004764412794685512
10K,1044.3857040106793,-0.049686392820614,-0.004909822057614206
10K,1080.5055915023008,-0.04995306526372311,-0.005191632951608536
10K,1117.8746786597123,-0.05038509854158024,-0.005649874710404705
10K,1156.536168823607,-0.05101589357573394,-0.00631654912305773
10K,1196.5347595142669,-0.05186647605005,-0.007209660838626029
10K,1237.9166941074911,-0.05293974732853468,-0.008327367664089709
10K,1280.7298152977316,-0.05421568820473591,-0.009643338412621823
10K,1325.0236204102198,-0.05564879659004132,-0.01110469035586401
10K,1370.8493186260841,-0.05716919063343075,-0.012633999189445628
10K,1418.2598901865651,-0.058688691166076175,-0.014136692659488845
10K,1467.3101476447932,-0.060112670771340186,-0.015514508725970228
10K,1518.0567992359765,-0.06135741099453273,-0.016684514922588642
10K,1570.558514439209,-0.06237113205729657,-0.01760145594802001
10K,1624.8759918067185,-0.06315492159552535,-0.018279134070518316
10K,1681.072029139008,-0.06377792090772506,-0.018804626118655347
10K,1739.2115960869617,-0.0643800430432214,-0.019338193517358732
10K,1799.3619092648794,-0.06515610677207277,-0.020092727522009662
10K,1861.592509961317,-0.06631843141434403,-0.02129037035921945
10K,1925.9753445374981,-0.06804103430207127,-0.023100872242046377
10K,1992.5848476063163,-0.07039698278468774,-0.025575434084092984
10K,2061.4980280880686,-0.07330904815678539,-0.028598720509321454
10K,2132.794558242391,-0.0765387691088378,-0.031886081972440646
10K,2206.556865779365,-0.07973540552561256,-0.03504743405101182
10K,2282.8702291562736,-0.08254981876400518,-0.03771950600664477
10K,2361.8228761701525,-0.08478894339506585,-0.03973506030176156
10K,2443.5060859601717,-0.0865522759397934,-0.04126117728018525
10K,2528.0142945377484,-0.08827067459278967,-0.04281931977528684
10K,2615.445203966379,-0.0905828115908059,-0.04512260216512534
10K,2705.899895317456,-0.09405042966097432,-0.04874430785089658
10K,2799.482945532645,-0.09881810395574869,-0.053748972899463995
10K,2896.3025483278957,-0.10441638631031398,-0.05951346344650845
10K,2996.4706392789253,-0.10990973290012565,-0.0649509430913551
10K,3000.0,-0.11008606665427341,-0.06512036219127693
10K,3100.1030252327596,-0.114435266189101,-0.06915667858177195
10K,3207.3195181949204,-0.11788441628809974,-0.07215831411501344
10K,3318.244073847105,-0.1212203633170921,-0.07518587165884327
10K,3433.004934855474,-0.1259859054238046,-0.07999902964579335
10K,3551.7347791352004,-0.13310347183827528,-0.08747530041297458
10K,3674.5708732427534,-0.14184280015903608,-0.09652964897293576
10K,3801.6552310732204,-0.15011608971149573,-0.10466083863969797
10K,3933.1347780461215,-0.15637231663392784,-0.11026865857617865
10K,4069.1615209695888,-0.16156855733991488,-0.11480411842397562
10K,4209.892723779269,-0.1687695111189768,-0.1219548150971831
10K,4355.491089355084,-0.1798486130930933,-0.13359004651701167
10K,4506.124947626139,-0.19263760696247345,-0.14670015536104747
10K,4661.968450181188,-0.20295977018772332,-0.156354866418766
10K,4823.201771609639,-0.21054348200024806,-0.1627941634637139
10K,4990.011317805938,-0.22068328233192827,-0.1726811492899405
10K,5162.589941478128,-0.23682558917993587,-0.18962782008552442
10K,5341.1371651096515,-0.2538605437437823,-0.20677492367568512
10K,5525.859411632378,-0.26558640999461963,-0.2169519085531985
10K,5716.970243077313,-0.2771618776166044,-0.22733329339718136
10K,5914.69060747899,-0.29750448168318866,-0.2485033156457889
10K,6119.249094319117,-0.32039463407615487,-0.2716690656218421
10K,6330.882198804584,-0.3350924898221287,-0.2839396611011597
10K,6549.834595285477,-0.35223903857473127,-0.29968296720202225
10K,6776.359420129328,-0.3823386668457029,-0.3310700762488886
10K,7010.718564378355,-0.4070171352391066,-0.3539630425936764
10K,7253.182976528305,-0.42439051491101937,-0.3673765102916792
10K,7504.032975778838,-0.46010826676367333,-0.4036582618715223
10K,7763.558576117558,-0.49477314247824533,-0.43616749568385965
10K,8032.059821612491,-0.516540210374087,-0.4508269236339949
10K,8309.847133300596,-0.5646431813632747,-0.497226754368906
10K,8597.24166807328,-0.6083946118503605,-0.5321799597570328
10K,8894.575689973968,-0.6494992526646237,-0.5578038696022372
10K,9202.19295433695,-0.7179209510007751,-0.5870618058167625
10K,9520.449105211495,-1.1914950759135663,-0.974072872312251
10K,9849.712086530915,-3.878956544177221,-3.7996783993417163
10K,10000.0,-6.476961486178471,-6.733626964668008
10K,10190.362567501796,-11.24476219024113,-12.670375450165137
10K,10200.0,-11.524112211762887,-13.053000193264365
10K,10542.794382705235,-20.018641440334925,-35.61837896552735
10K,10907.414987418822,-22.42026044772384,-59.10575790546794
10K,11284.645928686046,-23.75716150253302,-66.32949031352275
10K,11674.923332677368,-24.785803633900294,-63.140838257758745
10K,12078.698408906568,-25.667783875766048,-64.84597802213567
10K,12496.437971885553,-26.41580660316346,-70.18081936092373
10K,12928.624980820261,-27.101841930306612,-84.4422282498146
10K,13375.759097971873,-27.717200907517,-67.86716518026299
10K,13838.35726632905,-28.290364373187884,-63.55414756033282
10K,14000.0,-28.475262324536846,-66.1514686546158
10K,14316.954307258644,-28.830948588292454,-63.65364960974358
10K,14812.10353882603,-29.333411501418396,-70.81329694933001
10K,15324.377415500196,-29.820290219991353,-71.40573514976612
10K,15854.368189982655,-30.2817657159007,-65.88842782584477
10K,16402.688597925615,-30.723483780916116,-78.88640816492676
10K,16969.97256633109,-31.15448409403399,-67.99470444934153
10K,17556.875946450058,-31.57266541882063,-76.90269103685301
10K,18164.077272028208,-31.975278345834216,-68.9144819493497
10K,18792.278543775992,-32.36889641307663,-84.26442951325598
10K,19442.206040969577,-32.754869821723005,-72.31781565744387
10K,20114.61116112008,-33.13369104229574,-70.92127299704136
10K,20810.27128868333,-33.50530011592866,-75.13832465746422
10K,21529.990693813845,-33.86992311453122,-84.7069227095187
10K,22274.601462201274,-34.22848750130312,-91.52320499293793
10K,23044.96445706578,-34.581898348045236,-88.46433644338758
10K,23841.970314423957,-34.9307583592065,-94.35383747421143
10K,24666.54047277495,-35.275416072674474,-83.98527069922126
10K,25519.62823839891,-35.616058614641126,-77.3162448854952
10K,26402.21988749867,-35.952989887341644,-76.16647805887352
10K,27315.335806457842,-36.2867171410709,-86.10190950332914
10K,28260.03167153542,-36.617538005553854,-78.97819866449737
10K,29237.399669360017,-36.94674302776332,-83.39235805198501
10K,30248.569759633567,-37.2732368041305,-79.24351413631881
10K,31294.710981506538,-37.59645114861931,-90.30671468489845
10K,32377.032805133524,-37.91841349334877,-87.71182453925587
10K,33496.786529971985,-38.23856010644651,-83.6924278450246
10K,34655.266731440766,-38.556131067481864,-83.83905097993208
10K,35853.812757611704,-38.87315398875568,-86.39800162160184
10K,37093.810277663346,-39.18781993010852,-97.59750719849384
10K,38376.692883887736,-39.50139832096062,-88.34281711704298
10K,39703.943749102866,-39.814035504778566,-86.52001565852414
10K,41077.097341385896,-40.124919089929264,-93.69234917004033
10K,42497.74119810995,-40.434770107217304,-91.92382671751984
10K,43967.51776133647,-40.74382192789691,-89.18193022895564
10K,45488.12627668355,-41.0519629647568,-90.42684929569958
10K,47061.324757866154,-41.35916317422498,-91.61034275760093
10K,48688.93201918055,-41.66550173695235,-93.82866584022022
10K,50372.82977828094,-41.971094499733056,-109.3780646079257
10K,52114.964831680176,-42.276069191140586,-96.23865561118492
10K,53917.3513054908,-42.58044686906683,-114.03151969973769
10K,55782.072984006525,-42.88398035814942,-104.22863145962516
10K,57711.28571881726,-43.187105961231005,-104.2391942368306
10K,59707.21992124398,-43.489643477530876,-110.65479485484008
10K,61772.183140973044,-43.79176119520655,-112.11387937879329
10K,63908.56273387189,-44.09331716762732,-108.60360268572481
10K,66118.82862207196,-44.394510835766255,-112.66184849491492
10K,68405.53614950733,-44.695321730545395,-120.44170979590902
10K,70771.32903621167,-44.99575128034409,-120.93626721645721
10K,73218.9424347902,-45.29583067099618,-120.03276502518
10K,75751.20609259796,-45.595596164079424,-140.3306380211677
10K,78371.04762328134,-45.89507075468134,-129.48341670162162
10K,81081.49589146675,-46.194242763198886,-133.45922704252627
10K,83885.68451450662,-46.49315462881718,-143.03102151771722
10K,86786.8554853327,-46.791771216678384,-145.7837984931607
10K,89788.36292060651,-47.08921168900489,-107.93967054928723
10K,92893.67693849746,-47.38906980329339,-111.99242002543716
10K,96106.38767057308,-47.686989090012155,-139.34876238373482
10K,99430.2094124414,-47.98479183379853,-224.18132785584334
10K,100000.0,-48.034834389814655,-316.718479610358
10K,102868.98491794096,-48.282512146664516,-155.51346402165206
10K,106426.68984184446,-48.58014883335643,-122.19521694203239
10K,110107.43733621431,-48.87656727782071,-113.44618343584322
10K,113915.48280572055,-49.174518639757416,-154.05817338915506
10K,117855.22882742036,-49.471692517455125,-151.36781366278763
10K,121931.23024068947,-49.76872281312068,-156.98126785383914
10K,126148.19941318572,-50.06563669509934,-154.30241585171086
10K,130511.01168893492,-50.362440060151215,-153.52407992723084
10K,135024.7110248401,-50.65914796003152,-141.8525585082111
10K,139694.51582212618,-50.955761536948074,-140.90711141277302
10K,144525.8249594638,-51.25228902749959,-158.58670703835583
10K,149524.2240347503,-51.54873419825351,-145.5308354305898
10K,154695.49182275916,-51.845109619201864,-160.7677103879895
10K,160045.6069561254,-52.14141171797476,-148.69348754779188
10K,165580.75483739536,-52.43765012765532,-160.44925785634152
10K,171307.3347901247,-52.73382814846458,-155.60448438509783
10K,177231.96745729627,-53.02994785381601,-165.45433726188105
10K,183361.5024556139,-53.32601409609461,-171.19740719478943
10K,189703.02629451538,-53.62198370363814,-143.98891644489166
10K,196263.87056906294,-53.918023566601825,-172.14245337455282
10K,203051.62043618676,-54.21395028883711,-182.37480687568404
10K,210074.1233840744,-54.50977140486196,-140.6251283332404
10K,217339.49830484786,-54.80567746446,-178.9639672051208
10K,224856.14488102126,-55.101495080951096,-170.86586474148933
10K,232632.7532965836,-55.397278807118454,-165.9257107649214
10K,240678.314283938,-55.693031276218335,-171.80214886817083
10K,249002.12951831357,-55.988754929493076,-163.94278961663045
10K,257613.82237166955,-56.2844515836877,-166.21441424250094
10K,266523.3490385114,-56.58012328173201,-172.74175814917436
10K,275741.0100465003,-56.87577102040207,-193.16703561338426
10K,285277.4621651556,-57.17139623319866,-193.42823188533472
10K,295143.730726407,-57.46700599299813,-178.53697399649513
10K,305351.22237126133,-57.7625918736068,-175.84180441890894
10K,315911.73823731014,-58.058156160770686,-196.96849522844803
10K,326837.48760231474,-58.35370763385949,-186.2125507055486
10K,338141.101999662,-58.64924292003305,-180.08951599881533
10K,349835.6498220019,-58.94476317041785,-178.8280388468305
10K,361934.65142993676,-59.240269468200324,-182.57793667315775
10K,374452.0947832533,-59.535762588375924,-192.77658523822336
10K,387402.4516127597,-59.83124291597464,-214.72184719866388
10K,400800.6941514076,-60.126713397003655,-269.9522502640752
10K,414662.3124440717,-60.42217089634839,-209.23051653095854
10K,429003.3322559847,-60.71761920404935,-198.86394305960704
10K,443840.33360051754,-61.01305765219526,-193.23188704392808
10K,459190.46990775486,-61.308486903802816,-191.81702885895055
10K,475071.4878560078,-61.60390750540445,-206.71561940533059
10K,491501.74788919307,-61.899320198508796,-176.74356708747752
10K,508500.2454438004,-62.19472471496555,-178.21010568713962
10K,526086.6329099999,-62.49012184740708,-209.12542527458666
10K,544281.2423522616,-62.785512076559854,-199.23476118424193
10K,563105.109015762,-63.08089555631785,-202.25533270222593
10K,582579.995645767,-63.376272573048105,-220.38942133807785
10K,602728.4176480848,-63.671643607171696,-234.4693908245673
10K,623573.6691196891,-63.96700835367966,-217.75044542690043
10K,645139.8497796168,-64.2623675025989,-205.63592010388714
10K,667451.8928312553,-64.55772104442437,-213.5617620302921
10K,690535.5937882415,-64.85306887410616,-187.12245683552732
10K,714417.6402973111,-65.14841189561119,-239.06362427885193
10K,739125.6429925543,-65.44374947252624,-219.7581993823449
10K,764688.1674167585,-65.73908186559636,-216.74075748919626
10K,791134.7670467589,-66.03440915832049,-195.60740215421941
10K,818496.0174609524,-66.32973135468133,-235.6994467644297
10K,846803.5516884859,-66.62504848674944,-222.13196729081176
10K,876090.0967810064,-66.9203605031761,-236.3053667513898
10K,906389.5116492236,-67.21566741846547,-215.46801752537158
10K,937736.8262080409,-67.51096902430177,-224.20911860282177
10K,970168.2818755318,-67.80626535949759,-230.91471556665897
10K,1000000.0,-68.06929650166066,-332.1616779945805
10K,1003721.3734725483,-68.10155628378928,-243.1865906379128
10K,1038434.8925714198,-68.39684158871178,-228.64561766277188
10K,1074348.9723438763,-68.69212116754109,-238.40008887739444
10K,1111505.1339600105,-68.98739479244908,-257.1571364029943
10K,1149946.3345919405,-69.28266227517338,-237.56260302628294
10K,1189717.0170776877,-69.5779232879252,-223.07735805891454
10K,1230863.1613026524,-69.87317767589383,-258.1188459410347
10K,1273432.3373581083,-70.16842501181128,-262.66391683657656
10K,1317473.760538194,-70.46366498817876,-257.02155815531717
10K,1363038.3482389443,-70.75889722715706,-240.90193887141135
10K,1410178.7788251631,-71.05412128960356,-226.37175054615756
10K,1458949.5525332207,-71.34933678781607,-253.42904770424096
10K,1509407.0544801396,-71.64454315015465,-221.23433057005724
10K,1561609.6198518341,-71.93973990552279,-248.32446244834162
10K,1615617.6013459042,-72.2349264312333,-277.9731894573262
10K,1671493.438946897,-72.53010211652119,-268.57199333101255
10K,1729301.7321147304,-72.82526628247359,-274.08101525735617
10K,1789109.3144697733,-73.12041819596612,-279.9237465419067
10K,1850985.3310608636,-73.415557079513,-250.93952986811468
10K,1915001.3183056242,-73.71068207573242,-276.4544461255553
10K,1981231.2866955365,-74.00579227704475,-293.07255680749614
10K,2049751.8063613186,-74.30088670277095,-256.1310755708086
10K,2120642.0955975633,-74.59596429924045,-276.7562566184552
10K,2193984.112449026,-74.891023937175,-256.43510649291125
10K,2269862.649464366,-75.18606439766648,-274.6207546611447
10K,2348365.4317269293,-75.4810843820556,-266.30043849825273
10K,2429583.218275954,-75.77608249076695,-271.7287298676315
10K,2513609.9070353387,-76.07105722442746,-291.9796198163391
10K,2600542.6433714256,-76.366006976303,-340.4253403576053
10K,2690481.9324051845,-76.66093002052422,-246.0628829274902
10K,2783531.7552086944,-76.95582451410382,-300.0450319626386
10K,2879799.689020303,-77.25068847464915,-287.3818115924511
10K,2979397.0316173625,-77.5455197821032,-288.9191830704267
10K,3082438.9299903666,-77.84031616430744,-302.0769563473329
10K,3189044.5134673156,-78.13507518695425,-307.230312997733
10K,3299337.0314421095,-78.4297942437348,-320.34428914453684
10K,3413443.9958662484,-78.72447054070462,-303.3490241548838
10K,3531497.328668643,-79.01910108783188,-285.2107652590846
10K,3653633.5142738535,-79.31368268173085,-282.2985244498302
10K,3779993.7573951394,-79.608211892222,-304.2948837869232
10K,3910724.1462848205,-79.90268504595699,-315.4213757013812
10K,4045975.8216305557,-80.19709820972932,-286.7532125195603
10K,4185905.151292864,-80.49144717124352,-334.63808519341535
10K,4330673.911085985,-80.78572742061323,-294.09488253193933
10K,4480449.471810944,-81.07993412847799,-327.52149780980835
10K,4635404.992757108,-81.37406212395717,-294.83285114776555
10K,4795719.621896047,-81.6681058703024,-304.4397517121364
10K,4961578.702998981,-81.96205943893264,-296.91231117810395
10K,5133173.989917338,-82.25591648213155,-309.84036085366427
10K,5310703.868274262,-82.54967020287953,-334.6349899534085
10K,5494373.5848231865,-82.84331332342407,-298.49305950793325
10K,5684395.484738733,-83.1368380507123,-329.93460416798393
10K,5880989.257114363,-83.43023604046539,-319.1355778886399
10K,6084382.188950434,-83.72349835747835,-335.4578211915921
10K,6294809.427926372,-84.01661543393004,-309.04516922295153
10K,6512514.254260884,-84.30957702417452,-347.0084886743034
10K,6737748.361974297,-84.60237215674375,-309.92697461605917
10K,6970772.1498783035,-84.89498908236912,-320.00069196658137
10K,7211855.022629643,-85.18741521863609,-338.9358528655433
10K,7461275.702195563,-85.47963709045548,-321.6817665438209
10K,7719322.5500912415,-85.77164026623745,-330.2367940236603
10K,7986293.900761867,-86.06340928944834,-363.0715670729706
10K,8262498.4064945495,-86.35492760516041,-337.05395433341147
10K,8548255.394258931,-86.64617748121778,-317.1459654402273
10K,8843895.23488924,-86.93713992365757,-319.91601677533004
10K,9149759.725034166,-87.22779458589955,-320.53604038559735
10K,9466202.482316693,-87.51811967123876,-325.7842556257643
10K,9793589.354160259,-87.80809182814004,-315.1603350055657
10K,10000000.0,-87.98578685034238,-328.8879497812513
10K,10132298.840754095,-88.09768603776284,-330.7380072895778
10K,10482722.532646922,-88.38687549311638,-351.3839248016416
10K,10845265.563474575,-88.6756314691848,-335.56195800902094
10K,11220347.078345101,-88.96392318329563,-361.46977416707324
10K,11608400.718423089,-89.25171764498654,-309.211938997118
10K,12009875.122273052,-89.53897949451553,-312.82420313488717
10K,12425234.444541674,-89.82567082903921,-343.93402877319716
10K,12854958.892578797,-90.11175101554883,-336.65252172814473
10K,13299545.281617142,-90.39717648940426,-316.17199304492794
10K,13759507.609152803,-90.68190053728755,-339.6594915413604
10K,14000000.0,-90.82671663718054,-312.8153797817388
10K,14235377.649190819,-90.96587306324793,-342.3461265649366
10K,14727705.567042395,-91.24904033641315,-356.3986418327313
10K,15237060.55538475,-91.53134471885018,-351.3801322843781
10K,15764031.492319247,-91.81272437166149,-359.34666023641165
10K,16309227.622188088,-92.09311293765923,-321.27357535027295
10K,16873279.25993689,-92.3724391982993,-355.8954907846533
10K,17456838.519837845,-92.65062670265571,-347.7085084603164
10K,18060580.069415316,-92.9275933658269,-360.1178524543073
10K,18685201.9094458,-93.20325103399809,-354.5856813049679
10K,19331426.18093438,-93.47750501272556,-357.7460889072579
10K,20000000.0,-93.75025355551645,-297.20310352855836
100K,100.0,-0.03013748166359177,-7.603366085521832e-06
100K,103.45848160817529,-0.030137985850766956,-8.138310737518191e-06
100K,107.03657416669135,-0.030138525505635623,-8.710886680857622e-06
100K,110.73841439826728,-0.030139103122518003,-9.323740379834007e-06
100K,114.5682820934163,-0.030139721370979308,-9.979704238003134e-06
100K,118.53060505841937,-0.030140383108235587,-1.0681809747005749e-05
100K,122.62996423442371,-0.030141091392262086,-1.1433301405919803e-05
100K,126.87109899358319,-0.03014184949588196,-1.2237651661871835e-05
100K,131.258912618366,-0.030142660921885535,-1.3098576954845008e-05
100K,135.79847797036308,-0.030143529419131895,-1.4020054796293714e-05
100K,140.49504335515007,-0.030144458999745823,-1.5006342019470567e-05
100K,145.35403858998583,-0.03014545395771513,-1.6061994506201584e-05
100K,150.38108128136037,-0.030146518888489494,-1.7191887983171604e-05
100K,155.58198331965136,-0.03014765871020228,-1.8401240533830686e-05
100K,160.96275759839585,-0.030148878686259668,-1.9695636566528683e-05
100K,166.529624965948,-0.03015018444946661,-2.1081052413435e-05
100K,172.2890214175586,-0.030151582027979885,-2.2563883852450695e-05
100K,178.24760553619006,-0.03015307787285884,-2.415097535155006e-05
100K,184.41226619067186,-0.03015467888772204,-2.584965152641555e-05
100K,190.7901305000955,-0.03015639246038775,-2.7667750702419947e-05
100K,197.38857207365496,-0.03015822649666773,-2.9613660773848072e-05
100K,204.21521953546196,-0.030160189456585253,-3.1696357624614854e-05
100K,211.2779653441907,-0.03016229039308419,-3.3925446194411034e-05
100K,218.5849749177465,-0.030164538993343377,-3.631120430507145e-05
100K,226.14469607351114,-0.030166945623028175,-3.886462961365685e-05
100K,233.96586879507743,-0.030169521373612875,-4.159748980416375e-05
100K,242.05753533676273,-0.030172278112912346,-4.4522376201144284e-05
100K,250.42905067758684,-0.030175228539037775,-4.7652761009742504e-05
100K,259.09009333679916,-0.030178386238247937,-5.100305867210515e-05
100K,268.0506765634566,-0.030181765746521743,-5.458869120814236e-05
100K,277.32115991299287,-0.030185382615660332,-5.8426158305455705e-05
100K,286.91226122416214,-0.03018925348352479,-6.253311185864196e-05
100K,296.8350690101997,-0.030193396149419096,-6.69284359050809e-05
100K,307.10105527853153,-0.030197829654423754,-7.163233185610414e-05
100K,317.7220887938518,-0.03020257436718357,-7.666640948756307e-05
100K,328.71044879989756,-0.030207652075551324,-8.20537841480535e-05
100K,340.07883921579213,-0.03021308608444067,-8.781918054857825e-05
100K,351.84040332336633,-0.030218901320229245,-9.398904350324724e-05
100K,364.00873896243473,-0.03022512444215725,-0.0001005916560755136
100K,376.59791425160137,-0.03023178396117191,-0.00010765726563848925
100K,389.6224838527644,-0.03023891036684607,-0.00011521821846208084
100K,403.097505798128,-0.03024653626236849,-0.00012330910290067582
100K,417.03855889916963,-0.030254696508880692,-0.00013196690244420193
100K,431.4617607576967,-0.03026342837894611,-0.00014123115847980384
100K,446.3837863998105,-0.03027277172028612,-0.0001511441439258577
100K,461.8218875543244,-0.030282769130043116,-0.00016175104800233544
100K,477.79391259791873,-0.03029346614024289,-0.00017310017291659354
100K,494.3183271900984,-0.030304911415484803,-0.00018524314344340107
100K,511.41423562180773,-0.03031715696272056,-0.00019823512935980827
100K,529.1014029023783,-0.030330258354832523,-0.00021213508247675694
100K,547.4002776103539,-0.030344274967789294,-0.00022700598804995708
100K,566.3320155346086,-0.0303592702327987,-0.00024291513207893255
100K,585.9185041330813,-0.030375311903842097,-0.0002599343848905056
100K,606.1823878374192,-0.03039247234151393,-0.0002781405019770298
100K,627.1470942327742,-0.030410828813824037,-0.00029761544278898396
100K,648.8368611430205,-0.030430463814937418,-0.0003184467085126366
100K,671.276764652713,-0.03045146540228789,-0.0003407276992813818
100K,694.4927480981813,-0.030473927553372145,-0.0003645580921858973
100K,718.5116520612681,-0.030497950542185143,-0.00039004424007259243
100K,743.3612454004027,-0.03052364133679498,-0.0004172995926604167
100K,769.0702573548785,-0.0305511140181439,-0.0004464451400813474
100K,795.6684107594434,-0.0305804902208673,-0.0004776098796786144
100K,823.1864564076186,-0.03061189959661635,-0.0005109313065309846
100K,851.656208603466,-0.030645480300163612,-0.00054655592801021
100K,881.1105819428999,-0.030681379498665458,-0.0005846398027297844
100K,911.5836293670806,-0.03071975390394149,-0.0006253491037137252
100K,943.1105815318779,-0.03076077032769079,-0.0006688607056913678
100K,975.7278875389129,-0.030804606259441317,-0.000715362796223795
100K,1000.0,-0.030838147235362462,-0.0007509433999408569
100K,1009.4732570752825,-0.030851450465880136,-0.0007650555092549496
100K,1044.3857040106793,-0.030901503611331246,-0.0008181515807340513
100K,1080.5055915023008,-0.03095497889697447,-0.0008748770237576711
100K,1117.8746786597123,-0.031012102717353822,-0.0009354718216149983
100K,1156.536168823607,-0.03107311533123271,-0.001000190635539954
100K,1196.5347595142669,-0.031138271543451855,-0.0010693035235898765
100K,1237.9166941074911,-0.031207841393668983,-0.0011430966661552524
100K,1280.7298152977316,-0.031282110846811484,-0.001221873092575963
100K,1325.0236204102198,-0.03136138247892307,-0.001305953401980663
100K,1370.8493186260841,-0.031445976150965706,-0.001395676470447452
100K,1418.2598901865651,-0.03153622966163479,-0.0014914001347533627
100K,1467.3101476447932,-0.031632499368497116,-0.0015935018413171327
100K,1518.0567992359765,-0.03173516076492087,-0.001702379246783479
100K,1570.558514439209,-0.03184460899810332,-0.0018184507545673724
100K,1624.8759918067185,-0.03196125931111572,-0.001942155968908851
100K,1681.072029139008,-0.03208554738895737,-0.0020739560450570333
100K,1739.2115960869617,-0.03221792958563787,-0.0022143339108792112
100K,1799.3619092648794,-0.03235888300554279,-0.002363794331226094
100K,1861.592509961317,-0.03250890540891917,-0.002522863782696191
100K,1925.9753445374981,-0.032668514906375394,-0.002692090101164061
100K,1992.5848476063163,-0.03283824940247764,-0.0028720418592936016
100K,2061.4980280880686,-0.03301866574391242,-0.0030633074262943973
100K,2132.794558242391,-0.033210338520429726,-0.003266493654440891
100K,2206.556865779365,-0.033413858461855524,-0.0034822241315706245
100K,2282.8702291562736,-0.033629830366111904,-0.0037111369298877105
100K,2361.8228761701525,-0.03385887048658441,-0.003953881774271547
100K,2443.5060859601717,-0.03410160329878016,-0.004211116544359995
100K,2528.0142945377484,-0.03435865755764699,-0.00448350301548264
100K,2615.445203966379,-0.034630661548502695,-0.004771701734478756
100K,2705.899895317456,-0.034918237424926515,-0.005076365916206297
100K,2799.482945532645,-0.03522199451871603,-0.005398134237698722
100K,2896.3025483278957,-0.03554252149741825,-0.005737622396658191
100K,2996.4706392789253,-0.03588037723762162,-0.006095413293095974
100K,3000.0,-0.035892391189991296,-0.0061081351376779435
100K,3100.1030252327596,-0.03623608027440875,-0.006472045684713198
100K,3207.3195181949204,-0.03661009668266556,-0.006868001161396048
100K,3318.244073847105,-0.037002826242419115,-0.007283689280595215
100K,3433.004934855474,-0.037414586741121185,-0.007719430706014178
100K,3551.7347791352004,-0.037845596270516764,-0.008175438197156918
100K,3674.5708732427534,-0.038295953386380525,-0.008651795308610781
100K,3801.6552310732204,-0.03876561501794989,-0.00914843267775842
100K,3933.1347780461215,-0.03925437204148602,-0.009665101809169477
100K,4069.1615209695888,-0.03976182247257111,-0.010201346306795154
100K,4209.892723779269,-0.04028734228585019,-0.010756470563036628
100K,4355.491089355084,-0.040830053944163607,-0.011329505991929277
100K,4506.124947626139,-0.0413887928125965,-0.011919174993917942
100K,4661.968450181188,-0.041962071753289844,-0.012523852968195266
100K,4823.201771609639,-0.04254804434704411,-0.013141528849252793
100K,4990.011317805938,-0.043144467372917855,-0.013769764842315438
100K,5162.589941478128,-0.04374866340254821,-0.01440565627343423
100K,5341.1371651096515,-0.04435748463655804,-0.015045792759421944
100K,5525.859411632378,-0.04496727943038974,-0.015686222244987627
100K,5716.970243077313,-0.04557386333083868,-0.01632241985422022
100K,5914.69060747899,-0.04617249687365817,-0.01694926396236618
100K,6119.249094319117,-0.04675787287782652,-0.0175610224126316
100K,6330.882198804584,-0.0473241165087265,-0.01815135237645359
100K,6549.834595285477,-0.04786480196286794,-0.018713317976059084
100K,6776.359420129328,-0.048372990235260926,-0.019239430438478443
100K,7010.718564378355,-0.048841293042621435,-0.019721716204234747
100K,7253.182976528305,-0.049261968556467514,-0.020151819034326342
100K,7504.032975778838,-0.04962705509853427,-0.02052114269125649
100K,7763.558576117558,-0.049928549300951156,-0.0208210411427886
100K,8032.059821612491,-0.05015863534460465,-0.021043063354322822
100K,8309.847133300596,-0.05030997165130964,-0.021179259479436188
100K,8597.24166807328,-0.050376040677525685,-0.021222554477382832
100K,8894.575689973968,-0.05035156607521844,-0.02116719370546628
100K,9202.19295433695,-0.05023299925533975,-0.021009262646154936
100K,9520.449105211495,-0.0500190740958736,-0.020747279403368603
100K,9849.712086530915,-0.04971142395529169,-0.02038285369994689
100K,10000.0,-0.04954545415753747,-0.020188837846120196
100K,10190.362567501796,-0.04931524905656911,-0.01992139958653031
100K,10200.0,-0.04930304995091228,-0.01990726813151428
100K,10542.794382705235,-0.04884001450666608,-0.019372880728398056
100K,10907.414987418822,-0.04830014958412429,-0.018752556835186267
100K,11284.645928686046,-0.047715707454578996,-0.018081687530749607
100K,11674.923332677368,-0.04711293134201186,-0.017388135921132707
100K,12078.698408906568,-0.04652465884178034,-0.01670679878896981
100K,12496.437971885553,-0.045990481339991396,-0.016079774610649026
100K,12928.624980820261,-0.0455565617228906,-0.015556165869949064
100K,13375.759097971873,-0.04527500266061113,-0.015191400503695308
100K,13838.35726632905,-0.04520265240488618,-0.015045951618419382
100K,14000.0,-0.04523651596921435,-0.015057839932043243
100K,14316.954307258644,-0.04539923873987078,-0.015183338592372583
100K,14812.10353882603,-0.0459247387843214,-0.015667310937675864
100K,15324.377415500196,-0.046835927784000565,-0.016558154213429828
100K,15854.368189982655,-0.04818210925614617,-0.017908120630256832
100K,16402.688597925615,-0.05000011699455678,-0.019756081275105943
100K,16969.97256633109,-0.05230880032229383,-0.022121626196389604
100K,17556.875946450058,-0.055103358428767284,-0.02499900383740311
100K,18164.077272028208,-0.058350073232529776,-0.028351487782299296
100K,18792.278543775992,-0.06198219035499594,-0.03210697299670418
100K,19442.206040969577,-0.06589789030027343,-0.0361558098299566
100K,20114.61116112008,-0.06996143787803977,-0.040352040291782375
100K,20810.27128868333,-0.07400864169041735,-0.04451924794398387
100K,21529.990693813845,-0.07785762609984415,-0.048462094006975265
100K,22274.601462201274,-0.08132553578284031,-0.05198420250898847
100K,23044.96445706578,-0.08425108429205136,-0.054912297799289356
100K,23841.970314423957,-0.08652178079131358,-0.0571253434329571
100K,24666.54047277495,-0.0881032470597449,-0.05858590812621265
100K,25519.62823839891,-0.08906639961983308,-0.05936923160588873
100K,26402.21988749867,-0.08960669026966726,-0.05968377140964197
100K,27315.335806457842,-0.09004850029585776,-0.05987583952441822
100K,28260.03167153542,-0.09082773337816984,-0.06041088867381446
100K,29237.399669360017,-0.09244727712858541,-0.061825752177136775
100K,30248.569759633567,-0.09540385835998819,-0.0646502704999469
100K,31294.710981506538,-0.10009118014180171,-0.06930354772821141
100K,32377.032805133524,-0.10669281994775398,-0.07597927473113998
100K,33496.786529971985,-0.11508799938768417,-0.08454486618117764
100K,34655.266731440766,-0.12480153589897484,-0.09448794654441797
100K,35853.812757611704,-0.13503208865481098,-0.1049467376483011
100K,37093.810277663346,-0.144785120116929,-0.11485267539084892
100K,38376.692883887736,-0.15311416161674582,-0.12318910608985807
100K,39703.943749102866,-0.15943501110956107,-0.12932810853111817
100K,41077.097341385896,-0.1638293429165015,-0.13335581441866137
100K,42497.74119810995,-0.16721456931436676,-0.1362540957622999
100K,43967.51776133647,-0.17125174238768365,-0.1398011680321578
100K,45488.12627668355,-0.17791742047611023,-0.1461118445044904
100K,47061.324757866154,-0.18878690669065978,-0.15686846586609304
100K,48688.93201918055,-0.20424299318053973,-0.17247216896855683
100K,50372.82977828094,-0.2229759379070603,-0.19150666835573701
100K,52114.964831680176,-0.24217862559376618,-0.21094807534078677
100K,53917.3513054908,-0.25865195094662646,-0.2273520852520624
100K,55782.072984006525,-0.27056643894482074,-0.2387461314001732
100K,57711.28571881726,-0.27901977681281814,-0.24630168002489433
100K,59707.21992124398,-0.2882014943340262,-0.25450830073357456
100K,61772.183140973044,-0.303423013008482,-0.2690525425088775
100K,63908.56273387189,-0.3276117296151069,-0.2930462032611282
100K,66118.82862207196,-0.3584799574533506,-0.32398127739622884
100K,68405.53614950733,-0.3891737413213652,-0.35443090107662106
100K,70771.32903621167,-0.4133817494184464,-0.3775570788292748
100K,73218.9424347902,-0.4315646027268421,-0.39382250224509274
100K,75751.20609259796,-0.4515116220459004,-0.41154371264221773
100K,78371.04762328134,-0.47982386520452336,-0.4375304427102131
100K,81081.49589146675,-0.5130268613977583,-0.4670807078187494
100K,83885.68451450662,-0.548827490933319,-0.4954273058508443
100K,86786.8554853327,-0.6308667133967729,-0.5652342160516047
100K,89788.36292060651,-0.9051633275716463,-0.8269225387899295
100K,92893.67693849746,-1.6410566293003934,-1.5615864045976513
100K,96106.38767057308,-3.2047341104573874,-3.1561989241653885
100K,99430.2094124414,-6.0257877847858285,-6.083438964525825
100K,100000.0,-6.656626200198435,-6.74613262514781
100K,102868.98491794096,-10.574923716866882,-10.952032243695438
100K,106426.68984184446,-17.10900537487915,-18.723300495635762
100K,110107.43733621431,-23.507077280294958,-31.613812845660817
100K,113915.48280572055,-25.873340756739903,-77.27968137478346
100K,117855.22882742036,-26.92017545398627,-56.53915049366774
100K,121931.23024068947,-27.763039309344425,-60.961733928675955
100K,126148.19941318572,-28.49617407993444,-75.06275427527976
100K,130511.01168893492,-29.14244909114419,-59.25823728447572
100K,135024.7110248401,-29.747550864172364,-72.59646237154956
100K,139694.51582212618,-30.309850052263165,-60.79129249614649
100K,144525.8249594638,-30.831402806067885,-63.115744315497594
100K,149524.2240347503,-31.324689923022117,-70.55544702325693
100K,154695.49182275916,-31.800425846075594,-62.090466314210246
100K,160045.6069561254,-32.254854997755615,-65.38407561423051
100K,165580.75483739536,-32.68953908949298,-76.66964451412869
100K,171307.3347901247,-33.115061928844234,-65.9673911342111
100K,177231.96745729627,-33.52287522622256,-64.91268707999723
100K,183361.5024556139,-33.922488250138855,-68.23120205656531
100K,189703.02629451538,-34.31667814849986,-76.12142168764011
100K,196263.87056906294,-34.69505529631437,-76.27103075526028
100K,203051.62043618676,-35.071099840998016,-71.68182170559767
100K,210074.1233840744,-35.43667204811809,-70.14616718423719
100K,217339.49830484786,-35.798434641499114,-69.94877576940806
100K,224856.14488102126,-36.15447853301874,-70.35988927765433
100K,232632.7532965836,-36.505371640360536,-71.09074889585125
100K,240678.314283938,-36.85255542975693,-72.15873199672195
100K,249002.12951831357,-37.19531551283658,-73.91048353257483
100K,257613.82237166955,-37.534527084871044,-77.18263173724186
100K,266523.3490385114,-37.870963308951744,-82.56967329924485
100K,275741.0100465003,-38.202507602941914,-79.53599770701813
100K,285277.4621651556,-38.53294240575603,-75.72430560168452
100K,295143.730726407,-38.85943480326643,-76.77085911318143
100K,305351.22237126133,-39.18502056980834,-84.80752087544779
100K,315911.73823731014,-39.507891966616114,-78.79102989746266
100K,326837.48760231474,-39.8281097989154,-80.34009618216913
100K,338141.101999662,-40.147223980815696,-83.23464668302508
100K,349835.6498220019,-40.4647727669815,-81.4311965371587
100K,361934.65142993676,-40.780415518243785,-83.60160321221326
100K,374452.0947832533,-41.094414135611615,-86.67368540973538
100K,387402.4516127597,-41.40712699115416,-83.08490259803102
100K,400800.6941514076,-41.719071150468054,-86.54667035390888
100K,414662.3124440717,-42.02980706602065,-92.21036247737695
100K,429003.3322559847,-42.33929968628917,-91.17665074960621
100K,443840.33360051754,-42.64775522130614,-90.25028789808793
100K,459190.46990775486,-42.9553110847868,-91.00256702452334
100K,475071.4878560078,-43.2620427198936,-93.15145901096224
100K,491501.74788919307,-43.56799736757091,-97.13985660902216
100K,508500.2454438004,-43.87319894798977,-98.61077702311107
100K,526086.6329099999,-44.17768151181444,-95.26019539301049
100K,544281.2423522616,-44.48154277191861,-97.54129741306622
100K,563105.109015762,-44.784849067322554,-103.1749994412779
100K,582579.995645767,-45.08766569516275,-100.41090399961062
100K,602728.4176480848,-45.389990367007364,-104.93406392366111
100K,623573.6691196891,-45.69174726255987,-109.8744792766201
100K,645139.8497796168,-45.9931011910933,-107.56943488575651
100K,667451.8928312553,-46.29408715565731,-109.17186272959205
100K,690535.5937882415,-46.594619970848484,-111.93262313016825
100K,714417.6402973111,-46.89486348883203,-115.26280505087819
100K,739125.6429925543,-47.194719792262596,-121.21571987771341
100K,764688.1674167585,-47.494301679837385,-131.41166854411563
100K,791134.7670467589,-47.79357616264736,-126.29604142664033
100K,818496.0174609524,-48.092566935161244,-143.6636267240546
100K,846803.5516884859,-48.39129774775987,-136.62096981322765
100K,876090.0967810064,-48.68971608600404,-148.06216951449505
100K,906389.5116492236,-48.98754508963951,-100.42696175742442
100K,937736.8262080409,-49.28675255039153,-118.05505573954896
100K,970168.2818755318,-49.584487043807066,-151.27620202602745
100K,1000000.0,-49.8496527543439,-325.2846730865702
100K,1003721.3734725483,-49.882169753606114,-243.09460393624113
100K,1038434.8925714198,-50.17976414478837,-143.28431980357493
100K,1074348.9723438763,-50.477184025378264,-116.38321235226942
100K,1111505.1339600105,-50.774076348733715,-138.9667459153098
100K,1149946.3345919405,-51.07134664735711,-163.17209073448166
100K,1189717.0170776877,-51.36836721374037,-155.75154621981798
100K,1230863.1613026524,-51.6652478492442,-143.82839694030253
100K,1273432.3373581083,-51.96201294011773,-146.31052381796098
100K,1317473.760538194,-52.258669422411465,-139.50857317958463
100K,1363038.3482389443,-52.55522218485129,-139.13708826441575
100K,1410178.7788251631,-52.85167906934735,-138.56811698988122
100K,1458949.5525332207,-53.14804608713939,-140.6770650234407
100K,1509407.0544801396,-53.444327261982195,-143.18711261726438
100K,1561609.6198518341,-53.74052655158752,-148.36180427699657
100K,1615617.6013459042,-54.03665172985902,-150.2669375443256
100K,1671493.438946897,-54.33270260562594,-156.47565191721742
100K,1729301.7321147304,-54.62868500774367,-154.5013581876914
100K,1789109.3144697733,-54.924599590799765,-165.5751560447547
100K,1850985.3310608636,-55.22044847320683,-176.35891364929705
100K,1915001.3183056242,-55.516260880040704,-135.7724242828628
100K,1981231.2866955365,-55.81199041022077,-202.36544168257342
100K,2049751.8063613186,-56.10766907440081,-161.65582093790303
100K,2120642.0955975633,-56.40327004136858,-184.77699859516161
100K,2193984.112449026,-56.69884309544255,-172.79030917428173
100K,2269862.649464366,-56.9943586424288,-166.79820096261614
100K,2348365.4317269293,-57.28982182169807,-162.9253832753002
100K,2429583.218275954,-57.58523374610728,-168.10241585191446
100K,2513609.9070353387,-57.880594791399886,-164.5667531106327
100K,2600542.6433714256,-58.17590577627474,-171.79827875152966
100K,2690481.9324051845,-58.47116589393171,-170.9619482030903
100K,2783531.7552086944,-58.766375282418856,-180.05404014830748
100K,2879799.689020303,-59.06153139437368,-197.86206794242744
100K,2979397.0316173625,-59.35664251181093,-216.02563750299112
100K,3082438.9299903666,-59.651693172663435,-157.71637416188403
100K,3189044.5134673156,-59.94669251101209,-201.47322864893428
100K,3299337.0314421095,-60.24163595428958,-184.39038913827085
100K,3413443.9958662484,-60.536521725151104,-181.585598016128
100K,3531497.328668643,-60.8313478691603,-183.69186338295222
100K,3653633.5142738535,-61.126112266973024,-184.75900438332604
100K,3779993.7573951394,-61.420812155822475,-203.6496228313186
100K,3910724.1462848205,-61.71544553517937,-164.84662590494463
100K,4045975.8216305557,-62.0100079015116,-194.52913211628515
100K,4185905.151292864,-62.3044953196107,-201.3744583983136
100K,4330673.911085985,-62.59890571138535,-193.37423953447683
100K,4480449.471810944,-62.893233923399954,-187.44326417279296
100K,4635404.992757108,-63.18747545097342,-191.90167866503256
100K,4795719.621896047,-63.481625201009365,-215.41055349585622
100K,4961578.702998981,-63.775678265048555,-211.12419636805691
100K,5133173.989917338,-64.06962745274546,-223.02517224414544
100K,5310703.868274262,-64.36346773474872,-201.168962536814
100K,5494373.5848231865,-64.65719165130137,-197.9482639150251
100K,5684395.484738733,-64.95079185010268,-204.80234808377244
100K,5880989.257114363,-65.24426018906604,-227.71529900550246
100K,6084382.188950434,-65.53758832069266,-186.1420079447169
100K,6294809.427926372,-65.83076718779937,-209.10718090654458
100K,6512514.254260884,-66.12378627491313,-203.96185853682198
100K,6737748.361974297,-66.41663511797931,-214.33960514239615
100K,6970772.1498783035,-66.70930231065554,-237.60486672037996
100K,7211855.022629643,-67.0017752627601,-230.83021032518963
100K,7461275.702195563,-67.29404093930533,-216.43898890785658
100K,7719322.5500912415,-67.58608503049643,-221.79524163812096
100K,7986293.900761867,-67.87789232187129,-276.22471958131763
100K,8262498.4064945495,-68.16944632447519,-222.9125320791948
100K,8548255.394258931,-68.46072956684496,-218.61989103820977
100K,8843895.23488924,-68.75172317133894,-239.9201438005969
100K,9149759.725034166,-69.04240696988472,-251.01622833592813
100K,9466202.482316693,-69.33275926284078,-220.54935279516215
100K,9793589.354160259,-69.62275683498285,-238.6973549315503
100K,10000000.0,-69.800466628724,-322.4905632327539
100K,10132298.840754095,-69.91237479598198,-249.28661351386916
100K,10482722.532646922,-70.20158643511141,-226.68066476660533
100K,10845265.563474575,-70.49036313126949,-246.1922586753688
100K,11220347.078345101,-70.77867421408672,-250.45332124825026
100K,11608400.718423089,-71.06648676214618,-236.73927167924688
100K,12009875.122273052,-71.35376551317961,-303.27384048133064
100K,12425234.444541674,-71.64047263108434,-232.42139113398
100K,12854958.892578797,-71.92656756103575,-255.92971148977355
100K,13299545.281617142,-72.2120068146987,-243.5298140575436
100K,13759507.609152803,-72.49674373061866,-246.84739008010777
100K,14000000.0,-72.64156606096974,-308.7103537693081
100K,14235377.649190819,-72.78072827952103,-257.8137912505499
100K,14727705.567042395,-73.06390678163275,-248.18723579884926
100K,15237060.55538475,-73.34622165481095,-255.67236215371526
100K,15764031.492319247,-73.6276111053074,-262.3431189243103
100K,16309227.622188088,-73.9080088244678,-248.19951341354317
100K,16873279.25993689,-74.18734363251772,-284.45427501942163
100K,17456838.519837845,-74.46553912272273,-245.60233392830864
100K,18060580.069415316,-74.74251324055402,-246.31168826579224
100K,18685201.9094458,-75.0181778756902,-257.48788212493264
100K,19331426.18093438,-75.29243835866531,-255.02534165100172
100K,20000000.0,-75.5651929744016,-311.6321228382446
1M,100.0,-0.022590495428000335,2.6128298409936797e-09
1M,103.45848160817529,-0.022590495302360604,2.7966846583996115e-09
1M,107.03657416669135,-0.0225904951678801,2.9934730357786164e-09
1M,110.73841439826728,-0.022590495023933274,3.204113012877636e-09
1M,114.5682820934163,-0.02259049486985978,3.4295727744716986e-09
1M,118.53060505841937,-0.022590494704945122,3.670895722878022e-09
1M,122.62996423442371,-0.022590494528426465,3.929200477955978e-09
1M,126.87109899358319,-0.022590494339488763,4.205678948452135e-09
1M,131.258912618366,-0.02259049413725123,4.501617547204473e-09
1M,135.79847797036308,-0.02259049392078763,4.818374047283157e-09
1M,140.49504335515007,-0.022590493689092453,5.1574219410539275e-09
1M,145.35403858998583,-0.02259049344109347,5.520327296318863e-09
1M,150.38108128136037,-0.022590493175641112,5.908768042865633e-09
1M,155.58198331965136,-0.022590492891509436,6.324545544397021e-09
1M,160.96275759839585,-0.022590492587391264,6.769571097946323e-09
1M,166.529624965948,-0.02259049226186728,7.245918007560403e-09
1M,172.2890214175586,-0.022590491913437923,7.755783011200952e-09
1M,178.24760553619006,-0.0225904915404934,8.301522925188077e-09
1M,184.41226619067186,-0.022590491141305,8.885666216129728e-09
1M,190.7901305000955,-0.02259049071402994,9.510909143611687e-09
1M,197.38857207365496,-0.022590490256691027,1.0180146618676284e-08
1M,204.21521953546196,-0.022590489767171856,1.0896476061132029e-08
1M,211.2779653441907,-0.02259048924319841,1.1663216686102694e-08
1M,218.5849749177465,-0.02259048868236134,1.2483905646717162e-08
1M,226.14469607351114,-0.02259048808206468,1.3362338535862655e-08
1M,233.96586879507743,-0.02259048743952006,1.430258867273367e-08
1M,242.05753533676273,-0.022590486751773796,1.5308991673592117e-08
1M,250.42905067758684,-0.02259048601562662,1.6386214883344314e-08
1M,259.09009333679916,-0.022590485227681055,1.7539238088991133e-08
1M,268.0506765634566,-0.02259048438429212,1.8773395950035842e-08
1M,277.32115991299287,-0.022590483481560553,2.0094389570412924e-08
1M,286.91226122416214,-0.022590482515308645,2.1508336643515432e-08
1M,296.8350690101997,-0.02259048148105993,2.3021781095468652e-08
1M,307.10105527853153,-0.022590480374043067,2.4641714300333264e-08
1M,317.7220887938518,-0.022590479189133802,2.637562908244205e-08
1M,328.71044879989756,-0.0225904779208463,2.8231556360842105e-08
1M,340.07883921579213,-0.02259047656331667,3.0218072863912914e-08
1M,351.84040332336633,-0.022590475110263374,3.2344372489596764e-08
1M,364.00873896243473,-0.022590473554971707,3.4620283663290936e-08
1M,376.59791425160137,-0.022590471890240667,3.7056340698077525e-08
1M,389.6224838527644,-0.0225904701083742,3.9663806938579694e-08
1M,403.097505798128,-0.022590468201127117,4.245474804984563e-08
1M,417.03855889916963,-0.022590466159680883,4.5442068661788376e-08
1M,431.4617607576967,-0.02259046397459334,4.8639589515378575e-08
1M,446.3837863998105,-0.022590461635756197,5.206209760766759e-08
1M,461.8218875543244,-0.02259045913234763,5.5725431052598555e-08
1M,477.79391259791873,-0.022590456452796503,5.964652344006315e-08
1M,494.3183271900984,-0.022590453584701187,6.384352341249945e-08
1M,511.41423562180773,-0.022590450514803406,6.83358293806721e-08
1M,529.1014029023783,-0.022590447228899344,7.314423224412674e-08
1M,547.4002776103539,-0.02259044371179513,7.829096553620688e-08
1M,566.3320155346086,-0.022590439947217898,8.379984042988555e-08
1M,585.9185041330813,-0.02259043591776552,8.96963267412573e-08
1M,606.1823878374192,-0.022590431604795402,9.600770143595022e-08
1M,627.1470942327742,-0.02259042698836264,1.0276315663378208e-07
1M,648.8368611430205,-0.022590422047116525,1.0999393654323747e-07
1M,671.276764652713,-0.022590416758201955,1.177334840392161e-07
1M,694.4927480981813,-0.022590411097161787,1.2601759495539717e-07
1M,718.5116520612681,-0.022590405037821754,1.348845743052542e-07
1M,743.3612454004027,-0.02259039855214933,1.4437544264809268e-07
1M,769.0702573548785,-0.02259039161016286,1.5453408073812492e-07
1M,795.6684107594434,-0.02259038417975362,1.6540747639224852e-07
1M,823.1864564076186,-0.022590376226565963,1.7704590964086057e-07
1M,851.656208603466,-0.022590367713825207,1.8950320345292987e-07
1M,881.1105819428999,-0.02259035860215782,2.0283697253240466e-07
1M,911.5836293670806,-0.02259034884944154,2.1710887018595422e-07
1M,943.1105815318779,-0.022590338410587836,2.3238488533572522e-07
1M,975.7278875389129,-0.02259032723732342,2.487356646045967e-07
1M,1000.0,-0.022590318676337463,2.6126370523197717e-07
1M,1009.4732570752825,-0.02259031527798817,2.662368151148696e-07
1M,1044.3857040106793,-0.022590302477303086,2.8496924971734455e-07
1M,1080.5055915023008,-0.022590288776077324,3.0501958815136966e-07
1M,1117.8746786597123,-0.022590274110981023,3.2648052927503923e-07
1M,1156.536168823607,-0.02259025841422236,3.494512965842495e-07
1M,1196.5347595142669,-0.02259024161324299,3.740380837317211e-07
1M,1237.9166941074911,-0.02259022363038546,4.003545636915947e-07
1M,1280.7298152977316,-0.022590204382534517,4.28522388280708e-07
1M,1325.0236204102198,-0.022590183780739077,4.586717590400543e-07
1M,1370.8493186260841,-0.022590161729789702,4.909420405465895e-07
1M,1418.2598901865651,-0.022590138127792234,5.254823872255588e-07
1M,1467.3101476447932,-0.02259011286568341,5.62452447308942e-07
1M,1518.0567992359765,-0.022590085826748405,6.020230687224687e-07
1M,1570.558514439209,-0.022590056886071675,6.443771245491337e-07
1M,1624.8759918067185,-0.022590025909963608,6.89710324992018e-07
1M,1681.072029139008,-0.022589992755344672,7.382321354129952e-07
1M,1739.2115960869617,-0.022589957269085997,7.901667387303509e-07
1M,1799.3619092648794,-0.022589919287312327,8.457540653191522e-07
1M,1861.592509961317,-0.02258987863464785,9.052508884856864e-07
1M,1925.9753445374981,-0.022589835123403103,9.689320221603824e-07
1M,1992.5848476063163,-0.022589788552709662,1.037091578378774e-06
1M,2061.4980280880686,-0.022589738707629658,1.1100443076943322e-06
1M,2132.794558242391,-0.022589685358130957,1.1881270572389e-06
1M,2206.556865779365,-0.022589628258052625,1.2717003213581762e-06
1M,2282.8702291562736,-0.02258956714397664,1.361149888679497e-06
1M,2361.8228761701525,-0.02258950173402611,1.4568886010410955e-06
1M,2443.5060859601717,-0.02258943172656873,1.5593582686418137e-06
1M,2528.0142945377484,-0.02258935679884294,1.6690316777655878e-06
1M,2615.445203966379,-0.022589276605474766,1.7864147701554466e-06
1M,2705.899895317456,-0.02258919077693185,1.912048928462657e-06
1M,2799.482945532645,-0.022589098917799616,2.0465134931334402e-06
1M,2896.3025483278957,-0.0225890006050235,2.1904283622267084e-06
1M,2996.4706392789253,-0.022588895385951168,2.3444568650994674e-06
1M,3000.0,-0.022588891613607994,2.349979212135587e-06
1M,3100.1030252327596,-0.022588782776303086,2.5093087479527006e-06
1M,3207.3195181949204,-0.022588662257968163,2.6857434236012405e-06
1M,3318.244073847105,-0.022588533276648497,2.8745734391796602e-06
1M,3433.004934855474,-0.02258839523937272,3.0766681424973663e-06
1M,3551.7347791352004,-0.02258824751181688,3.292957633832014e-06
1M,3674.5708732427534,-0.0225880894154368,3.5244369915889476e-06
1M,3801.6552310732204,-0.022587920224424483,3.7721707679689418e-06
1M,3933.1347780461215,-0.022587739162466335,4.037297789359525e-06
1M,4069.1615209695888,-0.0225875453992519,4.321036303879738e-06
1M,4209.892723779269,-0.022587338046766072,4.624689462577111e-06
1M,4355.491089355084,-0.022587116155350202,4.949651172849215e-06
1M,4506.124947626139,-0.022586878709478016,5.297412337589552e-06
1M,4661.968450181188,-0.02258662462325113,5.6695675494883795e-06
1M,4823.201771609639,-0.02258635273562387,6.067822176841803e-06
1M,4990.011317805938,-0.02258606180528004,6.493999973945056e-06
1M,5162.589941478128,-0.02258575050520898,6.950051165923517e-06
1M,5341.1371651096515,-0.02258541741689879,7.438061087074713e-06
1M,5525.859411632378,-0.02258506102420372,7.960259345718307e-06
1M,5716.970243077313,-0.02258467970673784,8.519029681416168e-06
1M,5914.69060747899,-0.0225842717329564,9.11692033519544e-06
1M,6119.249094319117,-0.022583835252691902,9.756655223998474e-06
1M,6330.882198804584,-0.022583368289327672,1.0441145716847999e-05
1M,6549.834595285477,-0.022582868731414466,1.1173503240305072e-05
1M,6776.359420129328,-0.02258233432379988,1.1957052661142168e-05
1M,7010.718564378355,-0.022581762658248183,1.2795346480942568e-05
1M,7253.182976528305,-0.022581151163466602,1.3692179946768177e-05
1M,7504.032975778838,-0.022580497094554373,1.4651607102962289e-05
1M,7763.558576117558,-0.02257979752187172,1.567795776093681e-05
1M,8032.059821612491,-0.022579049319270794,1.6775855531585247e-05
1M,8309.847133300596,-0.022578249151627545,1.79502369530999e-05
1M,8597.24166807328,-0.02257739346178587,1.9206371652466606e-05
1M,8894.575689973968,-0.022576478456737936,2.0549883750849037e-05
1M,9202.19295433695,-0.022575500093155863,2.1986774402916785e-05
1M,9520.449105211495,-0.022574454062165385,2.352344563596709e-05
1M,9849.712086530915,-0.022573335773431263,2.5166725429036044e-05
1M,10000.0,-0.022572813185968706,2.5934809310114374e-05
1M,10190.362567501796,-0.0225721403385195,2.692389411298441e-05
1M,10200.0,-0.02257210595061872,2.6974448916140402e-05
1M,10542.794382705235,-0.022570862553509437,2.880271214746866e-05
1M,10907.414987418822,-0.02256949688097159,3.081144919955687e-05
1M,11284.645928686046,-0.022568037431212846,3.295891464739731e-05
1M,11674.923332677368,-0.022566477942953158,3.5254489406692464e-05
1M,12078.698408906568,-0.022564811763369164,3.770815914937745e-05
1M,12496.437971885553,-0.022563031827680567,4.03305488122484e-05
1M,12928.624980820261,-0.0225611306383142,4.313295838199992e-05
1M,13375.759097971873,-0.022559100243771446,4.612739988333839e-05
1M,13838.35726632905,-0.022556932217395263,4.932663540232903e-05
1M,14000.0,-0.02255615859449615,5.0468683484175525e-05
1M,14316.954307258644,-0.022554617636158736,5.274421608127679e-05
1M,14812.10353882603,-0.022552147059716792,5.6394521867143645e-05
1M,15324.377415500196,-0.022549510510079914,6.0292801714496234e-05
1M,15854.368189982655,-0.02254669745208573,6.445521408476285e-05
1M,16402.688597925615,-0.022543696775186795,6.889886727884718e-05
1M,16969.97256633109,-0.022540496777013815,7.364185915749812e-05
1M,17556.875946450058,-0.02253708514919682,7.870331580382921e-05
1M,18164.077272028208,-0.022533448966184887,8.410342841815279e-05
1M,18792.278543775992,-0.022529574677788572,8.986348771600311e-05
1M,19442.206040969577,-0.02252544810639457,9.600591490542754e-05
1M,20114.61116112008,-0.022521054449886113,0.00010255428819233483
1M,20810.27128868333,-0.022516378291547297,0.00010953336352161125
1M,21529.990693813845,-0.0225114036184006,0.00011696908808428726
1M,22274.601462201274,-0.022506113849598063,0.00012488860487611214
1M,23044.96445706578,-0.02250049187698914,0.00013332024618596937
1M,23841.970314423957,-0.02249452011996815,0.00014229351371515734
1M,24666.54047277495,-0.02248818059735765,0.00015183904252715348
1M,25519.62823839891,-0.022481455019335364,0.00016198854559551512
1M,26402.21988749867,-0.02247432490292672,0.00017277473524126793
1M,27315.335806457842,-0.022466771715134122,0.00018423121713405854
1M,28260.03167153542,-0.02245877704835588,0.0001963923518660852
1M,29237.399669360017,-0.022450322833538754,0.00020929307832301625
1M,30248.569759633567,-0.022441391597107143,0.00022296869228747874
1M,31294.710981506538,-0.022431966768946616,0.00023745457251904235
1M,32377.032805133524,-0.022422033049396963,0.000252785845685095
1M,33496.786529971985,-0.022411576844662925,0.00026899698000338825
1M,34655.266731440766,-0.022400586781252296,0.0002861212960939181
1M,35853.812757611704,-0.022389054311572607,0.00030419038189706126
1M,37093.810277663346,-0.02237697442460586,0.0003232333965656631
1M,38376.692883887736,-0.022364346477454236,0.00034327624617973247
1M,39703.943749102866,-0.022351175165663713,0.00036434061178032594
1M,41077.097341385896,-0.022337471652946923,0.0003864428073484775
1M,42497.74119810995,-0.022323254883346216,0.00040959244261171325
1M,43967.51776133647,-0.02230855310223903,0.0004337908619535052
1M,45488.12627668355,-0.02229340561598099,0.0004590293270032933
1M,47061.324757866154,-0.02227786482382395,0.0004852869062856372
1M,48688.93201918055,-0.02226199856006702,0.0005125280306181424
1M,50372.82977828094,-0.022245892789216508,0.0005406996677516086
1M,52114.964831680176,-0.02222965470222784,0.0005697280640074937
1M,53917.3513054908,-0.02221341626761119,0.0005995149944777093
1M,55782.072984006525,-0.022197338297737474,0.000629933456395302
1M,57711.28571881726,-0.022181615097447385,0.00066082273291613
1M,59707.21992124398,-0.022166479769767704,0.0006919827464986934
1M,61772.183140973044,-0.022152210261484045,0.0007231676124351225
1M,63908.56273387189,-0.022139136239961752,0.00075407829418224
1M,66118.82862207196,-0.022127646901829858,0.0007843542523393373
1M,68405.53614950733,-0.022118199823200818,0.0008135639697358823
1M,70771.32903621167,-0.022111330971171746,0.0008411942248523806
1M,73218.9424347902,-0.022107666005562333,0.000866637976344491
1M,75751.20609259796,-0.022107933009126474,0.0008891807124053083
1M,78371.04762328134,-0.022112976793151103,0.0009079851103361642
1M,81081.49589146675,-0.022123774932125223,0.0009220738456497183
1M,83885.68451450662,-0.02214145568664081,0.0009303103858632863
1M,86786.8554853327,-0.022167317975506126,0.0009313776039151073
1M,89788.36292060651,-0.022202853556316186,0.0009237540506051836
1M,92893.67693849746,-0.02224977156602487,0.0009056877363017956
1M,96106.38767057308,-0.022310025558286675,0.0008751672916048404
1M,99430.2094124414,-0.022385843149516565,0.0008298904070798475
1M,100000.0,-0.022400287885322015,0.0008206513426882219
1M,102868.98491794096,-0.022479758348929145,0.0007672294962546402
1M,106426.68984184446,-0.02259464659513328,0.0006841945877666203
1M,110107.43733621431,-0.022733762449567214,0.0005773935361571171
1M,113915.48280572055,-0.022900779800849414,0.00044298975052699653
1M,117855.22882742036,-0.02309983430796709,0.00027665778278358787
1M,121931.23024068947,-0.023335567648361796,7.353729846940833e-05
1M,126148.19941318572,-0.023613172932551336,-0.0001718138199070711
1M,130511.01168893492,-0.02393844039211406,-0.0004654662062197556
1M,135024.7110248401,-0.024317802134944624,-0.000814164207457617
1M,139694.51582212618,-0.024758374382785962,-0.001225367758880393
1M,144525.8249594638,-0.02526799515413484,-0.001707288664880114
1M,149524.2240347503,-0.025855254824919717,-0.0022689184443411016
1M,154695.49182275916,-0.026529516388051094,-0.0029200442494354407
1M,160045.6069561254,-0.027300921544107407,-0.003671248640741119
1M,165580.75483739536,-0.028180377999862477,-0.004533888213146336
1M,171307.3347901247,-0.029179522552721444,-0.00552004524397155
1M,177231.96745729627,-0.03031065373678158,-0.00664244572212308
1M,183361.5024556139,-0.03158662706305803,-0.007914336384950968
1M,189703.02629451538,-0.03302070529546111,-0.009349312840388906
1M,196263.87056906294,-0.034626355896331326,-0.010961090628357208
1M,203051.62043618676,-0.03641698793155511,-0.012763211372161395
1M,210074.1233840744,-0.03840562158145627,-0.014768677240044846
1M,217339.49830484786,-0.040604485262484086,-0.016989509100059298
1M,224856.14488102126,-0.043024538596148784,-0.019436227397068146
1M,232632.7532965836,-0.045674924500941086,-0.022117260362363222
1M,240678.314283938,-0.048562361010083266,-0.02503829217844276
1M,249002.12951831357,-0.05169049352366278,-0.028201574660224507
1M,257613.82237166955,-0.055059241514523495,-0.031605240297042675
1M,266523.3490385114,-0.05866419048109687,-0.03524267235157924
1M,275741.0100465003,-0.06249610009433368,-0.039102008981969416
1M,285277.4621651556,-0.06654062236626589,-0.04316588227062982
1M,295143.730726407,-0.07077834773777669,-0.04741151789155299
1M,305351.22237126133,-0.07518531944046172,-0.051811343866948426
1M,315911.73823731014,-0.07973417282441637,-0.05633427260259467
1M,326837.48760231474,-0.08439605991308449,-0.06094782207132718
1M,338141.101999662,-0.08914350112513644,-0.06562122001173351
1M,349835.6498220019,-0.09395425424254031,-0.07032957714587786
1M,361934.65142993676,-0.09881619162568335,-0.07505910753344754
1M,374452.0947832533,-0.10373301611349428,-0.07981320167822059
1M,387402.4516127597,-0.10873041203620631,-0.08461890891528362
1M,400800.6941514076,-0.1138619156217999,-0.08953305575213069
1M,414662.3124440717,-0.11921340908331456,-0.09464682776406547
1M,429003.3322559847,-0.124904731086705,-0.10008721289881702
1M,443840.33360051754,-0.13108652974810386,-0.10601332390205245
1M,459190.46990775486,-0.13793029690882133,-0.11260542653670517
1M,475071.4878560078,-0.1456097231663399,-0.1200447149126656
1M,491501.74788919307,-0.1542723981847144,-0.12848280202903348
1M,508500.2454438004,-0.1640028307144259,-0.1380019262097563
1M,526086.6329099999,-0.17478120704339548,-0.14857045698424337
1M,544281.2423522616,-0.1864476290598116,-0.16000381413266968
1M,563105.109015762,-0.19868892285922563,-0.17194854313012753
1M,582579.995645767,-0.21107408639947794,-0.1839165967502076
1M,602728.4176480848,-0.22317367170573132,-0.19540640776524068
1M,623573.6691196891,-0.23480508705261832,-0.20615418009646888
1M,645139.8497796168,-0.24644565085974984,-0.2165584773371641
1M,667451.8928312553,-0.259843154238106,-0.2283083898403768
1M,690535.5937882415,-0.2788260189076365,-0.2452166149693506
1M,714417.6402973111,-0.3102731655620982,-0.27421529594161664
1M,739125.6429925543,-0.3651571579381201,-0.32642489147444853
1M,764688.1674167585,-0.45954142006329324,-0.418174035952757
1M,791134.7670467589,-0.615414297462364,-0.5718530580105308
1M,818496.0174609524,-0.8612915906951615,-0.8165379634367164
1M,846803.5516884859,-1.2326083391078382,-1.1884187179591763
1M,876090.0967810064,-1.7720251882064197,-1.7311820633558994
1M,906389.5116492236,-2.5298641111696667,-2.496610312213227
1M,937736.8262080409,-3.564940817341045,-3.5457599017900026
1M,970168.2818755318,-4.9460601156498365,-4.951212228569438
1M,1000000.0,-6.533177216845921,-6.574250688310823
1M,1003721.3734725483,-6.7543166533887735,-6.801137031587467
1M,1038434.8925714198,-9.085734575630589,-9.206476768778066
1M,1074348.9723438763,-12.05096431113758,-12.31394489952596
1M,1111505.1339600105,-15.755491607888727,-16.331211589069902
1M,1149946.3345919405,-20.18263037609731,-21.58207278164905
1M,1189717.0170776877,-24.72493461771865,-28.65496881481292
1M,1230863.1613026524,-27.771607376281878,-38.990051731316086
1M,1273432.3373581083,-29.02684265401696,-62.384896731240474
1M,1317473.760538194,-29.74310815385391,-57.00002766590633
1M,1363038.3482389443,-30.364529137605967,-59.931634506055865
1M,1410178.7788251631,-30.93061183654052,-61.24321609012432
1M,1458949.5525332207,-31.45642916911031,-58.670600961555635
1M,1509407.0544801396,-31.956296957408384,-61.51764812723247
1M,1561609.6198518341,-32.42474710949419,-67.71762872332097
1M,1615617.6013459042,-32.853767631356305,-57.26457956576067
1M,1671493.438946897,-33.292255230728884,-60.60262723701075
1M,1729301.7321147304,-33.72366401184032,-65.04561046834716
1M,1789109.3144697733,-34.126075333420175,-57.60499939731291
1M,1850985.3310608636,-34.54062846790749,-68.11417689632452
1M,1915001.3183056242,-34.909639997273004,-60.04897386960998
1M,1981231.2866955365,-35.28455854731885,-61.2905770386954
1M,2049751.8063613186,-35.66658487022251,-65.29956660999343
1M,2120642.0955975633,-36.030164662400026,-60.37242737860764
1M,2193984.112449026,-36.40243608038428,-71.62217137171416
1M,2269862.649464366,-36.73455945705842,-60.98877879280475
1M,2348365.4317269293,-37.097242377063395,-74.26546644974438
1M,2429583.218275954,-37.4374042572737,-62.174234078044265
1M,2513609.9070353387,-37.79073308170646,-70.78999241792316
1M,2600542.6433714256,-38.113435482937106,-64.36240206421593
1M,2690481.9324051845,-38.45180105738473,-66.50891720782178
1M,2783531.7552086944,-38.793016202812524,-70.56911004789444
1M,2879799.689020303,-39.109668696491354,-64.79226057465338
1M,2979397.0316173625,-39.44166775564896,-75.71750023764233
1M,3082438.9299903666,-39.76735474716818,-68.99694401236333
1M,3189044.5134673156,-40.08379840759325,-66.80514606433123
1M,3299337.0314421095,-40.40630152270293,-74.7305818517792
1M,3413443.9958662484,-40.729338821896775,-75.552527967677
1M,3531497.328668643,-41.0382651349437,-69.30238963097094
1M,3653633.5142738535,-41.35160014490342,-69.85928790457845
1M,3779993.7573951394,-41.67197756803116,-74.51088719837614
1M,3910724.1462848205,-41.981265653226274,-87.09233055925061
1M,4045975.8216305557,-42.2945430047029,-82.13850594465207
1M,4185905.151292864,-42.60105437663694,-77.21866620011546
1M,4330673.911085985,-42.908888079959986,-75.94196345591756
1M,4480449.471810944,-43.216384799008054,-76.0405820323952
1M,4635404.992757108,-43.52172167130892,-76.88336160103547
1M,4795719.621896047,-43.82842452215975,-78.37167869165819
1M,4961578.702998981,-44.132410198038116,-80.8731643386322
1M,5133173.989917338,-44.436984075794484,-85.7364793449379
1M,5310703.868274262,-44.740100945085885,-100.11752118890057
1M,5494373.5848231865,-45.04125311272408,-87.90276811331046
1M,5684395.484738733,-45.34345421450344,-83.75299570122459
1M,5880989.257114363,-45.64297551744245,-85.30838813609546
1M,6084382.188950434,-45.9443183513353,-98.57545731446665
1M,6294809.427926372,-46.243701542888275,-90.5008429951512
1M,6512514.254260884,-46.54193356764089,-91.17454111785746
1M,6737748.361974297,-46.840914567718414,-102.05023646851352
1M,6970772.1498783035,-47.138857464257846,-94.7912950597133
1M,7211855.022629643,-47.43583589520691,-105.10294935352847
1M,7461275.702195563,-47.73252519894166,-102.05480804151534
1M,7719322.5500912415,-48.02902280518794,-103.86194841063862
1M,7986293.900761867,-48.32500605850525,-120.17032545878726
1M,8262498.4064945495,-48.62047408189092,-116.4790102652614
1M,8548255.394258931,-48.91578688394031,-120.24891264692472
1M,8843895.23488924,-49.21354459266305,-92.98259631126601
1M,9149759.725034166,-49.495503101458056,-83.51148656369291
1M,9466202.482316693,-49.79016244069249,-99.75471538697838
1M,9793589.354160259,-50.08538171089788,-133.78567045941585
1M,10000000.0,-50.26518420638409,-326.6963419892594
1M,10132298.840754095,-50.378276847004514,-150.38493888923028
1M,10482722.532646922,-50.66998645760798,-106.69438228159372
1M,10845265.563474575,-50.95404663287519,-89.42814013199734
1M,11220347.078345101,-51.250310367134134,-112.56748182181285
1M,11608400.718423089,-51.54039115398882,-125.88797140392623
1M,12009875.122273052,-51.829513742673385,-131.61586364778273
1M,12425234.444541674,-52.11795388655692,-118.23257659928835
1M,12854958.892578797,-52.405545635270855,-118.13549300710385
1M,13299545.281617142,-52.692386132773194,-122.52354695868512
1M,13759507.609152803,-52.97852509457216,-126.57997411526276
1M,14000000.0,-53.12395982884261,-114.99542146394967
1M,14235377.649190819,-53.26364795097069,-123.27923278764462
1M,14727705.567042395,-53.54806337954975,-117.7144794407951
1M,15237060.55538475,-53.831382794312574,-116.12634633987162
1M,15764031.492319247,-54.11378401028653,-126.41395943339717
1M,16309227.622188088,-54.39515586955278,-121.23257694157712
1M,16873279.25993689,-54.6753321026899,-141.09178308913812
1M,17456838.519837845,-54.9543320883502,-130.13663956202998
1M,18060580.069415316,-55.23209503722793,-135.02748341413184
1M,18685201.9094458,-55.508630924785685,-148.1066225499691
1M,19331426.18093438,-55.78252365647708,-115.84657279799812
1M,20000000.0,-56.05654006994935,-314.05700696178684
