Sample in Buffer,Sample in Window,TRIGGER,system_i/pusu_pl_dsp_core_0_dbg_input_sample_count[31:0],system_i/pusu_pl_dsp_core_0_dbg_output_sample_count[31:0],system_i/pusu_pl_dsp_core_0_dbg_output_drop_count[31:0],system_i/pusu_pl_dsp_core_0_dbg_last_i[15:0],system_i/pusu_pl_dsp_core_0_dbg_last_q[15:0],system_i/pusu_pl_dsp_core_0_dbg_nco_phase[3:0],system_i/pusu_pl_dsp_core_0_dbg_decim_count[15:0],system_i/pusu_pl_dsp_core_0_m_axis_tdata[31:0],system_i/pusu_pl_dsp_core_0_m_axis_tlast,system_i/pusu_pl_dsp_core_0_m_axis_tvalid
Radix - UNSIGNED,UNSIGNED,UNSIGNED,HEX,HEX,HEX,HEX,HEX,HEX,HEX,SIGNED,HEX,HEX
0,0,0,5f042844,1c4cd4fc,00000000,ffda,000d,a,004b,-2490355,0,0
1,1,0,5f042845,1c4cd4fc,00000000,ffda,000d,b,004c,-2490355,0,0
2,2,0,5f042846,1c4cd4fc,00000000,ffda,000d,c,004d,-2490355,0,0
3,3,0,5f042847,1c4cd4fc,00000000,ffda,000d,0,004e,-2490355,0,0
4,4,0,5f042847,1c4cd4fc,00000000,ffda,000d,0,004e,-2490355,0,0
5,5,0,5f042848,1c4cd4fc,00000000,ffda,000d,1,004f,-2490355,0,0
6,6,0,5f042849,1c4cd4fc,00000000,ffda,000d,2,0050,-2490355,0,0
7,7,0,5f04284a,1c4cd4fc,00000000,ffda,000d,3,0051,-2490355,0,0
8,8,0,5f04284b,1c4cd4fc,00000000,ffda,000d,4,0052,-2490355,0,0
9,9,0,5f04284c,1c4cd4fc,00000000,ffda,000d,5,0053,-2490355,0,0
10,10,0,5f04284d,1c4cd4fc,00000000,ffda,000d,6,0054,-2490355,0,0
11,11,0,5f04284f,1c4cd4fc,00000000,ffda,000d,7,0054,-2490355,0,0
12,12,0,5f04284e,1c4cd4fc,00000000,ffda,000d,7,0055,-2490355,0,0
13,13,0,5f04284f,1c4cd4fc,00000000,ffda,000d,8,0056,-2490355,0,0
14,14,0,5f042850,1c4cd4fc,00000000,ffda,000d,9,0057,-2490355,0,0
15,15,0,5f042851,1c4cd4fc,00000000,ffda,000d,a,0058,-2490355,0,0
16,16,0,5f042852,1c4cd4fc,00000000,ffda,000d,b,0059,-2490355,0,0
17,17,0,5f042853,1c4cd4fc,00000000,ffda,000d,c,005a,-2490355,0,0
18,18,0,5f042854,1c4cd4fc,00000000,ffda,000d,0,005b,-2490355,0,0
19,19,0,5f042854,1c4cd4fc,00000000,ffda,000d,0,005b,-2490355,0,0
20,20,0,5f042855,1c4cd4fc,00000000,ffda,000d,1,005c,-2490355,0,0
21,21,0,5f042856,1c4cd4fc,00000000,ffda,000d,2,005d,-2490355,0,0
22,22,0,5f042857,1c4cd4fc,00000000,ffda,000d,3,005e,-2490355,0,0
23,23,0,5f042858,1c4cd4fc,00000000,ffda,000d,4,005f,-2490355,0,0
24,24,0,5f042859,1c4cd4fc,00000000,ffda,000d,5,0060,-2490355,0,0
25,25,0,5f04285a,1c4cd4fc,00000000,ffda,000d,6,0061,-2490355,0,0
26,26,0,5f04285b,1c4cd4fc,00000000,ffda,000d,7,0063,-2490355,0,0
27,27,0,5f04285b,1c4cd4fc,00000000,ffda,000d,7,0062,-2490355,0,0
28,28,0,5f04285c,1c4cd4fc,00000000,ffda,000d,8,0063,-2490355,0,0
29,29,0,5f04285d,1c4cd4fc,00000000,ffda,000d,9,0064,-2490355,0,0
30,30,0,5f04285e,1c4cd4fc,00000000,ffda,000d,a,0065,-2490355,0,0
31,31,0,5f04285f,1c4cd4fc,00000000,ffda,000d,b,0066,-2490355,0,0
32,32,0,5f042860,1c4cd4fc,00000000,ffda,000d,c,0067,-2490355,0,0
33,33,0,5f042861,1c4cd4fc,00000000,ffda,000d,0,0068,-2490355,0,0
34,34,0,5f042861,1c4cd4fc,00000000,ffda,000d,0,0068,-2490355,0,0
35,35,0,5f042862,1c4cd4fc,00000000,ffda,000d,1,0069,-2490355,0,0
36,36,0,5f042863,1c4cd4fc,00000000,ffda,000d,2,006a,-2490355,0,0
37,37,0,5f042864,1c4cd4fc,00000000,ffda,000d,3,006b,-2490355,0,0
38,38,0,5f042865,1c4cd4fc,00000000,ffda,000d,4,006c,-2490355,0,0
39,39,0,5f042866,1c4cd4fc,00000000,ffda,000d,5,006d,-2490355,0,0
40,40,0,5f042867,1c4cd4fc,00000000,ffda,000d,6,006e,-2490355,0,0
41,41,0,5f042868,1c4cd4fc,00000000,ffda,000d,7,006e,-2490355,0,0
42,42,0,5f042868,1c4cd4fc,00000000,ffda,000d,7,006f,-2490355,0,0
43,43,0,5f042869,1c4cd4fc,00000000,ffda,000d,8,0070,-2490355,0,0
44,44,0,5f04286a,1c4cd4fc,00000000,ffda,000d,9,0071,-2490355,0,0
45,45,0,5f04286b,1c4cd4fc,00000000,ffda,000d,a,0072,-2490355,0,0
46,46,0,5f04286c,1c4cd4fc,00000000,ffda,000d,b,0073,-2490355,0,0
47,47,0,5f04286d,1c4cd4fc,00000000,ffda,000d,c,0074,-2490355,0,0
48,48,0,5f04286e,1c4cd4fc,00000000,ffda,000d,0,0075,-2490355,0,0
49,49,0,5f04286e,1c4cd4fc,00000000,ffda,000d,0,0075,-2490355,0,0
50,50,0,5f04286f,1c4cd4fc,00000000,ffda,000d,1,0076,-2490355,0,0
51,51,0,5f042870,1c4cd4fc,00000000,ffda,000d,2,0077,-2490355,0,0
52,52,0,5f042871,1c4cd4fc,00000000,ffda,000d,3,0078,-2490355,0,0
53,53,0,5f042872,1c4cd4fc,00000000,ffda,000d,4,0079,-2490355,0,0
54,54,0,5f042873,1c4cd4fc,00000000,ffda,000d,5,007a,-2490355,0,0
55,55,0,5f042874,1c4cd4fc,00000000,ffda,000d,6,007b,-2490355,0,0
56,56,0,5f042875,1c4cd4fc,00000000,ffda,000d,7,007d,-2490355,0,0
57,57,0,5f042875,1c4cd4fc,00000000,ffda,000d,7,007c,-2490355,0,0
58,58,0,5f042876,1c4cd4fc,00000000,ffda,000d,8,007d,-2490355,0,0
59,59,0,5f042877,1c4cd4fc,00000000,ffda,000d,9,007e,-2490355,0,0
60,60,0,5f042878,1c4cd4fc,00000000,ffda,000d,a,007f,-2490355,0,0
61,61,0,5f042879,1c4cd4fc,00000000,ffda,000d,b,0080,-2490355,0,0
62,62,0,5f04287a,1c4cd4fd,00000000,ffd8,000b,c,0081,-2621429,0,1
63,63,0,5f04287b,1c4cd4fd,00000000,ffd8,000b,0,0000,-2621429,0,0
64,64,0,5f04287b,1c4cd4fd,00000000,ffd8,000b,0,0000,-2621429,0,0
65,65,0,5f04287c,1c4cd4fd,00000000,ffd8,000b,1,0001,-2621429,0,0
66,66,0,5f04287d,1c4cd4fd,00000000,ffd8,000b,2,0002,-2621429,0,0
67,67,0,5f04287e,1c4cd4fd,00000000,ffd8,000b,3,0003,-2621429,0,0
68,68,0,5f04287f,1c4cd4fd,00000000,ffd8,000b,4,0004,-2621429,0,0
69,69,0,5f042880,1c4cd4fd,00000000,ffd8,000b,5,0005,-2621429,0,0
70,70,0,5f042881,1c4cd4fd,00000000,ffd8,000b,6,0006,-2621429,0,0
71,71,0,5f042883,1c4cd4fd,00000000,ffd8,000b,7,0006,-2621429,0,0
72,72,0,5f042882,1c4cd4fd,00000000,ffd8,000b,7,0007,-2621429,0,0
73,73,0,5f042883,1c4cd4fd,00000000,ffd8,000b,8,0008,-2621429,0,0
74,74,0,5f042884,1c4cd4fd,00000000,ffd8,000b,9,0009,-2621429,0,0
75,75,0,5f042885,1c4cd4fd,00000000,ffd8,000b,a,000a,-2621429,0,0
76,76,0,5f042886,1c4cd4fd,00000000,ffd8,000b,b,000b,-2621429,0,0
77,77,0,5f042887,1c4cd4fd,00000000,ffd8,000b,c,000c,-2621429,0,0
78,78,0,5f042888,1c4cd4fd,00000000,ffd8,000b,0,000d,-2621429,0,0
79,79,0,5f042888,1c4cd4fd,00000000,ffd8,000b,0,000d,-2621429,0,0
80,80,0,5f042889,1c4cd4fd,00000000,ffd8,000b,1,000e,-2621429,0,0
81,81,0,5f04288a,1c4cd4fd,00000000,ffd8,000b,2,000f,-2621429,0,0
82,82,0,5f04288b,1c4cd4fd,00000000,ffd8,000b,3,0010,-2621429,0,0
83,83,0,5f04288c,1c4cd4fd,00000000,ffd8,000b,4,0011,-2621429,0,0
84,84,0,5f04288d,1c4cd4fd,00000000,ffd8,000b,5,0012,-2621429,0,0
85,85,0,5f04288e,1c4cd4fd,00000000,ffd8,000b,6,0013,-2621429,0,0
86,86,0,5f04288f,1c4cd4fd,00000000,ffd8,000b,7,0011,-2621429,0,0
87,87,0,5f04288f,1c4cd4fd,00000000,ffd8,000b,7,0014,-2621429,0,0
88,88,0,5f042890,1c4cd4fd,00000000,ffd8,000b,8,0015,-2621429,0,0
89,89,0,5f042891,1c4cd4fd,00000000,ffd8,000b,9,0016,-2621429,0,0
90,90,0,5f042892,1c4cd4fd,00000000,ffd8,000b,a,0017,-2621429,0,0
91,91,0,5f042893,1c4cd4fd,00000000,ffd8,000b,b,0018,-2621429,0,0
92,92,0,5f042894,1c4cd4fd,00000000,ffd8,000b,c,0019,-2621429,0,0
93,93,0,5f042895,1c4cd4fd,00000000,ffd8,000b,0,001a,-2621429,0,0
94,94,0,5f042895,1c4cd4fd,00000000,ffd8,000b,0,001a,-2621429,0,0
95,95,0,5f042896,1c4cd4fd,00000000,ffd8,000b,1,001b,-2621429,0,0
96,96,0,5f042897,1c4cd4fd,00000000,ffd8,000b,2,001c,-2621429,0,0
97,97,0,5f042898,1c4cd4fd,00000000,ffd8,000b,3,001d,-2621429,0,0
98,98,0,5f042899,1c4cd4fd,00000000,ffd8,000b,4,001e,-2621429,0,0
99,99,0,5f04289a,1c4cd4fd,00000000,ffd8,000b,5,001f,-2621429,0,0
100,100,0,5f04289b,1c4cd4fd,00000000,ffd8,000b,6,0020,-2621429,0,0
101,101,0,5f04289d,1c4cd4fd,00000000,ffd8,000b,7,0020,-2621429,0,0
102,102,0,5f04289c,1c4cd4fd,00000000,ffd8,000b,7,0021,-2621429,0,0
103,103,0,5f04289d,1c4cd4fd,00000000,ffd8,000b,8,0022,-2621429,0,0
104,104,0,5f04289e,1c4cd4fd,00000000,ffd8,000b,9,0023,-2621429,0,0
105,105,0,5f04289f,1c4cd4fd,00000000,ffd8,000b,a,0024,-2621429,0,0
106,106,0,5f0428a0,1c4cd4fd,00000000,ffd8,000b,b,0025,-2621429,0,0
107,107,0,5f0428a1,1c4cd4fd,00000000,ffd8,000b,c,0026,-2621429,0,0
108,108,0,5f0428a2,1c4cd4fd,00000000,ffd8,000b,0,0027,-2621429,0,0
109,109,0,5f0428a2,1c4cd4fd,00000000,ffd8,000b,0,0027,-2621429,0,0
110,110,0,5f0428a3,1c4cd4fd,00000000,ffd8,000b,1,0028,-2621429,0,0
111,111,0,5f0428a4,1c4cd4fd,00000000,ffd8,000b,2,0029,-2621429,0,0
112,112,0,5f0428a5,1c4cd4fd,00000000,ffd8,000b,3,002a,-2621429,0,0
113,113,0,5f0428a6,1c4cd4fd,00000000,ffd8,000b,4,002b,-2621429,0,0
114,114,0,5f0428a7,1c4cd4fd,00000000,ffd8,000b,5,002c,-2621429,0,0
115,115,0,5f0428a8,1c4cd4fd,00000000,ffd8,000b,6,002d,-2621429,0,0
116,116,0,5f0428a9,1c4cd4fd,00000000,ffd8,000b,7,002f,-2621429,0,0
117,117,0,5f0428a9,1c4cd4fd,00000000,ffd8,000b,7,002e,-2621429,0,0
118,118,0,5f0428aa,1c4cd4fd,00000000,ffd8,000b,8,002f,-2621429,0,0
119,119,0,5f0428ab,1c4cd4fd,00000000,ffd8,000b,9,0030,-2621429,0,0
120,120,0,5f0428ac,1c4cd4fd,00000000,ffd8,000b,a,0031,-2621429,0,0
121,121,0,5f0428ad,1c4cd4fd,00000000,ffd8,000b,b,0032,-2621429,0,0
122,122,0,5f0428ae,1c4cd4fd,00000000,ffd8,000b,c,0033,-2621429,0,0
123,123,0,5f0428af,1c4cd4fd,00000000,ffd8,000b,0,0034,-2621429,0,0
124,124,0,5f0428af,1c4cd4fd,00000000,ffd8,000b,0,0034,-2621429,0,0
125,125,0,5f0428b0,1c4cd4fd,00000000,ffd8,000b,1,0035,-2621429,0,0
126,126,0,5f0428b1,1c4cd4fd,00000000,ffd8,000b,2,0036,-2621429,0,0
127,127,0,5f0428b2,1c4cd4fd,00000000,ffd8,000b,3,0037,-2621429,0,0
128,128,0,5f0428b3,1c4cd4fd,00000000,ffd8,000b,4,0038,-2621429,0,0
129,129,0,5f0428b4,1c4cd4fd,00000000,ffd8,000b,5,0039,-2621429,0,0
130,130,0,5f0428b5,1c4cd4fd,00000000,ffd8,000b,6,003a,-2621429,0,0
131,131,0,5f0428b7,1c4cd4fd,00000000,ffd8,000b,7,003a,-2621429,0,0
132,132,0,5f0428b6,1c4cd4fd,00000000,ffd8,000b,7,003b,-2621429,0,0
133,133,0,5f0428b7,1c4cd4fd,00000000,ffd8,000b,8,003c,-2621429,0,0
134,134,0,5f0428b8,1c4cd4fd,00000000,ffd8,000b,9,003d,-2621429,0,0
135,135,0,5f0428b9,1c4cd4fd,00000000,ffd8,000b,a,003e,-2621429,0,0
136,136,0,5f0428ba,1c4cd4fd,00000000,ffd8,000b,b,003f,-2621429,0,0
137,137,0,5f0428bb,1c4cd4fd,00000000,ffd8,000b,c,0040,-2621429,0,0
138,138,0,5f0428bc,1c4cd4fd,00000000,ffd8,000b,0,0041,-2621429,0,0
139,139,0,5f0428bc,1c4cd4fd,00000000,ffd8,000b,0,0041,-2621429,0,0
140,140,0,5f0428bd,1c4cd4fd,00000000,ffd8,000b,1,0042,-2621429,0,0
141,141,0,5f0428be,1c4cd4fd,00000000,ffd8,000b,2,0043,-2621429,0,0
142,142,0,5f0428bf,1c4cd4fd,00000000,ffd8,000b,3,0044,-2621429,0,0
143,143,0,5f0428c0,1c4cd4fd,00000000,ffd8,000b,4,0045,-2621429,0,0
144,144,0,5f0428c1,1c4cd4fd,00000000,ffd8,000b,5,0046,-2621429,0,0
145,145,0,5f0428c2,1c4cd4fd,00000000,ffd8,000b,6,0047,-2621429,0,0
146,146,0,5f0428c3,1c4cd4fd,00000000,ffd8,000b,7,0049,-2621429,0,0
147,147,0,5f0428c3,1c4cd4fd,00000000,ffd8,000b,7,0048,-2621429,0,0
148,148,0,5f0428c4,1c4cd4fd,00000000,ffd8,000b,8,0049,-2621429,0,0
149,149,0,5f0428c5,1c4cd4fd,00000000,ffd8,000b,9,004a,-2621429,0,0
150,150,0,5f0428c6,1c4cd4fd,00000000,ffd8,000b,a,004b,-2621429,0,0
151,151,0,5f0428c7,1c4cd4fd,00000000,ffd8,000b,b,004c,-2621429,0,0
152,152,0,5f0428c8,1c4cd4fd,00000000,ffd8,000b,c,004d,-2621429,0,0
153,153,0,5f0428c9,1c4cd4fd,00000000,ffd8,000b,0,004e,-2621429,0,0
154,154,0,5f0428c9,1c4cd4fd,00000000,ffd8,000b,0,004e,-2621429,0,0
155,155,0,5f0428ca,1c4cd4fd,00000000,ffd8,000b,1,004f,-2621429,0,0
156,156,0,5f0428cb,1c4cd4fd,00000000,ffd8,000b,2,0050,-2621429,0,0
157,157,0,5f0428cc,1c4cd4fd,00000000,ffd8,000b,3,0051,-2621429,0,0
158,158,0,5f0428cd,1c4cd4fd,00000000,ffd8,000b,4,0052,-2621429,0,0
159,159,0,5f0428ce,1c4cd4fd,00000000,ffd8,000b,5,0053,-2621429,0,0
160,160,0,5f0428cf,1c4cd4fd,00000000,ffd8,000b,6,0054,-2621429,0,0
161,161,0,5f0428d1,1c4cd4fd,00000000,ffd8,000b,7,0054,-2621429,0,0
162,162,0,5f0428d0,1c4cd4fd,00000000,ffd8,000b,7,0055,-2621429,0,0
163,163,0,5f0428d1,1c4cd4fd,00000000,ffd8,000b,8,0056,-2621429,0,0
164,164,0,5f0428d2,1c4cd4fd,00000000,ffd8,000b,9,0057,-2621429,0,0
165,165,0,5f0428d3,1c4cd4fd,00000000,ffd8,000b,a,0058,-2621429,0,0
166,166,0,5f0428d4,1c4cd4fd,00000000,ffd8,000b,b,0059,-2621429,0,0
167,167,0,5f0428d5,1c4cd4fd,00000000,ffd8,000b,c,005a,-2621429,0,0
168,168,0,5f0428d6,1c4cd4fd,00000000,ffd8,000b,0,005b,-2621429,0,0
169,169,0,5f0428d6,1c4cd4fd,00000000,ffd8,000b,0,005b,-2621429,0,0
170,170,0,5f0428d7,1c4cd4fd,00000000,ffd8,000b,1,005c,-2621429,0,0
171,171,0,5f0428d8,1c4cd4fd,00000000,ffd8,000b,2,005d,-2621429,0,0
172,172,0,5f0428d9,1c4cd4fd,00000000,ffd8,000b,3,005e,-2621429,0,0
173,173,0,5f0428da,1c4cd4fd,00000000,ffd8,000b,4,005f,-2621429,0,0
174,174,0,5f0428db,1c4cd4fd,00000000,ffd8,000b,5,0060,-2621429,0,0
175,175,0,5f0428dc,1c4cd4fd,00000000,ffd8,000b,6,0061,-2621429,0,0
176,176,0,5f0428dd,1c4cd4fd,00000000,ffd8,000b,7,0063,-2621429,0,0
177,177,0,5f0428dd,1c4cd4fd,00000000,ffd8,000b,7,0062,-2621429,0,0
178,178,0,5f0428de,1c4cd4fd,00000000,ffd8,000b,8,0063,-2621429,0,0
179,179,0,5f0428df,1c4cd4fd,00000000,ffd8,000b,9,0064,-2621429,0,0
180,180,0,5f0428e0,1c4cd4fd,00000000,ffd8,000b,a,0065,-2621429,0,0
181,181,0,5f0428e1,1c4cd4fd,00000000,ffd8,000b,b,0066,-2621429,0,0
182,182,0,5f0428e2,1c4cd4fd,00000000,ffd8,000b,c,0067,-2621429,0,0
183,183,0,5f0428e3,1c4cd4fd,00000000,ffd8,000b,0,0068,-2621429,0,0
184,184,0,5f0428e3,1c4cd4fd,00000000,ffd8,000b,0,0068,-2621429,0,0
185,185,0,5f0428e4,1c4cd4fd,00000000,ffd8,000b,1,0069,-2621429,0,0
186,186,0,5f0428e5,1c4cd4fd,00000000,ffd8,000b,2,006a,-2621429,0,0
187,187,0,5f0428e6,1c4cd4fd,00000000,ffd8,000b,3,006b,-2621429,0,0
188,188,0,5f0428e7,1c4cd4fd,00000000,ffd8,000b,4,006c,-2621429,0,0
189,189,0,5f0428e8,1c4cd4fd,00000000,ffd8,000b,5,006d,-2621429,0,0
190,190,0,5f0428e9,1c4cd4fd,00000000,ffd8,000b,6,006e,-2621429,0,0
191,191,0,5f0428eb,1c4cd4fd,00000000,ffd8,000b,7,006e,-2621429,0,0
192,192,0,5f0428ea,1c4cd4fd,00000000,ffd8,000b,7,006f,-2621429,0,0
193,193,0,5f0428eb,1c4cd4fd,00000000,ffd8,000b,8,0070,-2621429,0,0
194,194,0,5f0428ec,1c4cd4fd,00000000,ffd8,000b,9,0071,-2621429,0,0
195,195,0,5f0428ed,1c4cd4fd,00000000,ffd8,000b,a,0072,-2621429,0,0
196,196,0,5f0428ee,1c4cd4fd,00000000,ffd8,000b,b,0073,-2621429,0,0
197,197,0,5f0428ef,1c4cd4fd,00000000,ffd8,000b,c,0074,-2621429,0,0
198,198,0,5f0428f0,1c4cd4fd,00000000,ffd8,000b,0,0075,-2621429,0,0
199,199,0,5f0428f0,1c4cd4fd,00000000,ffd8,000b,0,0075,-2621429,0,0
200,200,0,5f0428f1,1c4cd4fd,00000000,ffd8,000b,1,0076,-2621429,0,0
201,201,0,5f0428f2,1c4cd4fd,00000000,ffd8,000b,2,0077,-2621429,0,0
202,202,0,5f0428f3,1c4cd4fd,00000000,ffd8,000b,3,0078,-2621429,0,0
203,203,0,5f0428f4,1c4cd4fd,00000000,ffd8,000b,4,0079,-2621429,0,0
204,204,0,5f0428f5,1c4cd4fd,00000000,ffd8,000b,5,007a,-2621429,0,0
205,205,0,5f0428f6,1c4cd4fd,00000000,ffd8,000b,6,007b,-2621429,0,0
206,206,0,5f0428f7,1c4cd4fd,00000000,ffd8,000b,7,0079,-2621429,0,0
207,207,0,5f0428f7,1c4cd4fd,00000000,ffd8,000b,7,007c,-2621429,0,0
208,208,0,5f0428f8,1c4cd4fd,00000000,ffd8,000b,8,007d,-2621429,0,0
209,209,0,5f0428f9,1c4cd4fd,00000000,ffd8,000b,9,007e,-2621429,0,0
210,210,0,5f0428fa,1c4cd4fd,00000000,ffd8,000b,a,007f,-2621429,0,0
211,211,0,5f0428fb,1c4cd4fd,00000000,ffd8,000b,b,0080,-2621429,0,0
212,212,0,5f0428fc,1c4cd4fe,00000000,ffd9,000b,c,0081,-2555893,0,1
213,213,0,5f0428fd,1c4cd4fe,00000000,ffd9,000b,0,0000,-2555893,0,0
214,214,0,5f0428fd,1c4cd4fe,00000000,ffd9,000b,0,0000,-2555893,0,0
215,215,0,5f0428fe,1c4cd4fe,00000000,ffd9,000b,1,0001,-2555893,0,0
216,216,0,5f0428ff,1c4cd4fe,00000000,ffd9,000b,2,0002,-2555893,0,0
217,217,0,5f042900,1c4cd4fe,00000000,ffd9,000b,3,0003,-2555893,0,0
218,218,0,5f042901,1c4cd4fe,00000000,ffd9,000b,4,0004,-2555893,0,0
219,219,0,5f042902,1c4cd4fe,00000000,ffd9,000b,5,0005,-2555893,0,0
220,220,0,5f042903,1c4cd4fe,00000000,ffd9,000b,6,0006,-2555893,0,0
221,221,0,5f042904,1c4cd4fe,00000000,ffd9,000b,7,0006,-2555893,0,0
222,222,0,5f042904,1c4cd4fe,00000000,ffd9,000b,7,0007,-2555893,0,0
223,223,0,5f042905,1c4cd4fe,00000000,ffd9,000b,8,0008,-2555893,0,0
224,224,0,5f042906,1c4cd4fe,00000000,ffd9,000b,9,0009,-2555893,0,0
225,225,0,5f042907,1c4cd4fe,00000000,ffd9,000b,a,000a,-2555893,0,0
226,226,0,5f042908,1c4cd4fe,00000000,ffd9,000b,b,000b,-2555893,0,0
227,227,0,5f042909,1c4cd4fe,00000000,ffd9,000b,c,000c,-2555893,0,0
228,228,0,5f04290a,1c4cd4fe,00000000,ffd9,000b,0,000d,-2555893,0,0
229,229,0,5f04290a,1c4cd4fe,00000000,ffd9,000b,0,000d,-2555893,0,0
230,230,0,5f04290b,1c4cd4fe,00000000,ffd9,000b,1,000e,-2555893,0,0
231,231,0,5f04290c,1c4cd4fe,00000000,ffd9,000b,2,000f,-2555893,0,0
232,232,0,5f04290d,1c4cd4fe,00000000,ffd9,000b,3,0010,-2555893,0,0
233,233,0,5f04290e,1c4cd4fe,00000000,ffd9,000b,4,0011,-2555893,0,0
234,234,0,5f04290f,1c4cd4fe,00000000,ffd9,000b,5,0012,-2555893,0,0
235,235,0,5f042910,1c4cd4fe,00000000,ffd9,000b,6,0013,-2555893,0,0
236,236,0,5f042911,1c4cd4fe,00000000,ffd9,000b,7,0015,-2555893,0,0
237,237,0,5f042911,1c4cd4fe,00000000,ffd9,000b,7,0014,-2555893,0,0
238,238,0,5f042912,1c4cd4fe,00000000,ffd9,000b,8,0015,-2555893,0,0
239,239,0,5f042913,1c4cd4fe,00000000,ffd9,000b,9,0016,-2555893,0,0
240,240,0,5f042914,1c4cd4fe,00000000,ffd9,000b,a,0017,-2555893,0,0
241,241,0,5f042915,1c4cd4fe,00000000,ffd9,000b,b,0018,-2555893,0,0
242,242,0,5f042916,1c4cd4fe,00000000,ffd9,000b,c,0019,-2555893,0,0
243,243,0,5f042917,1c4cd4fe,00000000,ffd9,000b,0,001a,-2555893,0,0
244,244,0,5f042917,1c4cd4fe,00000000,ffd9,000b,0,001a,-2555893,0,0
245,245,0,5f042918,1c4cd4fe,00000000,ffd9,000b,1,001b,-2555893,0,0
246,246,0,5f042919,1c4cd4fe,00000000,ffd9,000b,2,001c,-2555893,0,0
247,247,0,5f04291a,1c4cd4fe,00000000,ffd9,000b,3,001d,-2555893,0,0
248,248,0,5f04291b,1c4cd4fe,00000000,ffd9,000b,4,001e,-2555893,0,0
249,249,0,5f04291c,1c4cd4fe,00000000,ffd9,000b,5,001f,-2555893,0,0
250,250,0,5f04291d,1c4cd4fe,00000000,ffd9,000b,6,0020,-2555893,0,0
251,251,0,5f04291f,1c4cd4fe,00000000,ffd9,000b,7,0020,-2555893,0,0
252,252,0,5f04291e,1c4cd4fe,00000000,ffd9,000b,7,0021,-2555893,0,0
253,253,0,5f04291f,1c4cd4fe,00000000,ffd9,000b,8,0022,-2555893,0,0
254,254,0,5f042920,1c4cd4fe,00000000,ffd9,000b,9,0023,-2555893,0,0
255,255,0,5f042921,1c4cd4fe,00000000,ffd9,000b,a,0024,-2555893,0,0
256,256,0,5f042922,1c4cd4fe,00000000,ffd9,000b,b,0025,-2555893,0,0
257,257,0,5f042923,1c4cd4fe,00000000,ffd9,000b,c,0026,-2555893,0,0
258,258,0,5f042924,1c4cd4fe,00000000,ffd9,000b,0,0027,-2555893,0,0
259,259,0,5f042924,1c4cd4fe,00000000,ffd9,000b,0,0027,-2555893,0,0
260,260,0,5f042925,1c4cd4fe,00000000,ffd9,000b,1,0028,-2555893,0,0
261,261,0,5f042926,1c4cd4fe,00000000,ffd9,000b,2,0029,-2555893,0,0
262,262,0,5f042927,1c4cd4fe,00000000,ffd9,000b,3,002a,-2555893,0,0
263,263,0,5f042928,1c4cd4fe,00000000,ffd9,000b,4,002b,-2555893,0,0
264,264,0,5f042929,1c4cd4fe,00000000,ffd9,000b,5,002c,-2555893,0,0
265,265,0,5f04292a,1c4cd4fe,00000000,ffd9,000b,6,002d,-2555893,0,0
266,266,0,5f04292b,1c4cd4fe,00000000,ffd9,000b,7,002f,-2555893,0,0
267,267,0,5f04292b,1c4cd4fe,00000000,ffd9,000b,7,002e,-2555893,0,0
268,268,0,5f04292c,1c4cd4fe,00000000,ffd9,000b,8,002f,-2555893,0,0
269,269,0,5f04292d,1c4cd4fe,00000000,ffd9,000b,9,0030,-2555893,0,0
270,270,0,5f04292e,1c4cd4fe,00000000,ffd9,000b,a,0031,-2555893,0,0
271,271,0,5f04292f,1c4cd4fe,00000000,ffd9,000b,b,0032,-2555893,0,0
272,272,0,5f042930,1c4cd4fe,00000000,ffd9,000b,c,0033,-2555893,0,0
273,273,0,5f042931,1c4cd4fe,00000000,ffd9,000b,0,0034,-2555893,0,0
274,274,0,5f042931,1c4cd4fe,00000000,ffd9,000b,0,0034,-2555893,0,0
275,275,0,5f042932,1c4cd4fe,00000000,ffd9,000b,1,0035,-2555893,0,0
276,276,0,5f042933,1c4cd4fe,00000000,ffd9,000b,2,0036,-2555893,0,0
277,277,0,5f042934,1c4cd4fe,00000000,ffd9,000b,3,0037,-2555893,0,0
278,278,0,5f042935,1c4cd4fe,00000000,ffd9,000b,4,0038,-2555893,0,0
279,279,0,5f042936,1c4cd4fe,00000000,ffd9,000b,5,0039,-2555893,0,0
280,280,0,5f042937,1c4cd4fe,00000000,ffd9,000b,6,003a,-2555893,0,0
281,281,0,5f042939,1c4cd4fe,00000000,ffd9,000b,7,003a,-2555893,0,0
282,282,0,5f042938,1c4cd4fe,00000000,ffd9,000b,7,003b,-2555893,0,0
283,283,0,5f042939,1c4cd4fe,00000000,ffd9,000b,8,003c,-2555893,0,0
284,284,0,5f04293a,1c4cd4fe,00000000,ffd9,000b,9,003d,-2555893,0,0
285,285,0,5f04293b,1c4cd4fe,00000000,ffd9,000b,a,003e,-2555893,0,0
286,286,0,5f04293c,1c4cd4fe,00000000,ffd9,000b,b,003f,-2555893,0,0
287,287,0,5f04293d,1c4cd4fe,00000000,ffd9,000b,c,0040,-2555893,0,0
288,288,0,5f04293e,1c4cd4fe,00000000,ffd9,000b,0,0041,-2555893,0,0
289,289,0,5f04293e,1c4cd4fe,00000000,ffd9,000b,0,0041,-2555893,0,0
290,290,0,5f04293f,1c4cd4fe,00000000,ffd9,000b,1,0042,-2555893,0,0
291,291,0,5f042940,1c4cd4fe,00000000,ffd9,000b,2,0043,-2555893,0,0
292,292,0,5f042941,1c4cd4fe,00000000,ffd9,000b,3,0044,-2555893,0,0
293,293,0,5f042942,1c4cd4fe,00000000,ffd9,000b,4,0045,-2555893,0,0
294,294,0,5f042943,1c4cd4fe,00000000,ffd9,000b,5,0046,-2555893,0,0
295,295,0,5f042944,1c4cd4fe,00000000,ffd9,000b,6,0047,-2555893,0,0
296,296,0,5f042945,1c4cd4fe,00000000,ffd9,000b,7,004d,-2555893,0,0
297,297,0,5f042945,1c4cd4fe,00000000,ffd9,000b,7,0048,-2555893,0,0
298,298,0,5f042946,1c4cd4fe,00000000,ffd9,000b,8,0049,-2555893,0,0
299,299,0,5f042947,1c4cd4fe,00000000,ffd9,000b,9,004a,-2555893,0,0
300,300,0,5f042948,1c4cd4fe,00000000,ffd9,000b,a,004b,-2555893,0,0
301,301,0,5f042949,1c4cd4fe,00000000,ffd9,000b,b,004c,-2555893,0,0
302,302,0,5f04294a,1c4cd4fe,00000000,ffd9,000b,c,004d,-2555893,0,0
303,303,0,5f04294b,1c4cd4fe,00000000,ffd9,000b,0,004e,-2555893,0,0
304,304,0,5f04294b,1c4cd4fe,00000000,ffd9,000b,0,004e,-2555893,0,0
305,305,0,5f04294c,1c4cd4fe,00000000,ffd9,000b,1,004f,-2555893,0,0
306,306,0,5f04294d,1c4cd4fe,00000000,ffd9,000b,2,0050,-2555893,0,0
307,307,0,5f04294e,1c4cd4fe,00000000,ffd9,000b,3,0051,-2555893,0,0
308,308,0,5f04294f,1c4cd4fe,00000000,ffd9,000b,4,0052,-2555893,0,0
309,309,0,5f042950,1c4cd4fe,00000000,ffd9,000b,5,0053,-2555893,0,0
310,310,0,5f042951,1c4cd4fe,00000000,ffd9,000b,6,0054,-2555893,0,0
311,311,0,5f042952,1c4cd4fe,00000000,ffd9,000b,7,0054,-2555893,0,0
312,312,0,5f042952,1c4cd4fe,00000000,ffd9,000b,7,0055,-2555893,0,0
313,313,0,5f042953,1c4cd4fe,00000000,ffd9,000b,8,0056,-2555893,0,0
314,314,0,5f042954,1c4cd4fe,00000000,ffd9,000b,9,0057,-2555893,0,0
315,315,0,5f042955,1c4cd4fe,00000000,ffd9,000b,a,0058,-2555893,0,0
316,316,0,5f042956,1c4cd4fe,00000000,ffd9,000b,b,0059,-2555893,0,0
317,317,0,5f042957,1c4cd4fe,00000000,ffd9,000b,c,005a,-2555893,0,0
318,318,0,5f042958,1c4cd4fe,00000000,ffd9,000b,0,005b,-2555893,0,0
319,319,0,5f042958,1c4cd4fe,00000000,ffd9,000b,0,005b,-2555893,0,0
320,320,0,5f042959,1c4cd4fe,00000000,ffd9,000b,1,005c,-2555893,0,0
321,321,0,5f04295a,1c4cd4fe,00000000,ffd9,000b,2,005d,-2555893,0,0
322,322,0,5f04295b,1c4cd4fe,00000000,ffd9,000b,3,005e,-2555893,0,0
323,323,0,5f04295c,1c4cd4fe,00000000,ffd9,000b,4,005f,-2555893,0,0
324,324,0,5f04295d,1c4cd4fe,00000000,ffd9,000b,5,0060,-2555893,0,0
325,325,0,5f04295e,1c4cd4fe,00000000,ffd9,000b,6,0061,-2555893,0,0
326,326,0,5f04295f,1c4cd4fe,00000000,ffd9,000b,7,0063,-2555893,0,0
327,327,0,5f04295f,1c4cd4fe,00000000,ffd9,000b,7,0062,-2555893,0,0
328,328,0,5f042960,1c4cd4fe,00000000,ffd9,000b,8,0063,-2555893,0,0
329,329,0,5f042961,1c4cd4fe,00000000,ffd9,000b,9,0064,-2555893,0,0
330,330,0,5f042962,1c4cd4fe,00000000,ffd9,000b,a,0065,-2555893,0,0
331,331,0,5f042963,1c4cd4fe,00000000,ffd9,000b,b,0066,-2555893,0,0
332,332,0,5f042964,1c4cd4fe,00000000,ffd9,000b,c,0067,-2555893,0,0
333,333,0,5f042965,1c4cd4fe,00000000,ffd9,000b,0,0068,-2555893,0,0
334,334,0,5f042965,1c4cd4fe,00000000,ffd9,000b,0,0068,-2555893,0,0
335,335,0,5f042966,1c4cd4fe,00000000,ffd9,000b,1,0069,-2555893,0,0
336,336,0,5f042967,1c4cd4fe,00000000,ffd9,000b,2,006a,-2555893,0,0
337,337,0,5f042968,1c4cd4fe,00000000,ffd9,000b,3,006b,-2555893,0,0
338,338,0,5f042969,1c4cd4fe,00000000,ffd9,000b,4,006c,-2555893,0,0
339,339,0,5f04296a,1c4cd4fe,00000000,ffd9,000b,5,006d,-2555893,0,0
340,340,0,5f04296b,1c4cd4fe,00000000,ffd9,000b,6,006e,-2555893,0,0
341,341,0,5f04296d,1c4cd4fe,00000000,ffd9,000b,7,006e,-2555893,0,0
342,342,0,5f04296c,1c4cd4fe,00000000,ffd9,000b,7,006f,-2555893,0,0
343,343,0,5f04296d,1c4cd4fe,00000000,ffd9,000b,8,0070,-2555893,0,0
344,344,0,5f04296e,1c4cd4fe,00000000,ffd9,000b,9,0071,-2555893,0,0
345,345,0,5f04296f,1c4cd4fe,00000000,ffd9,000b,a,0072,-2555893,0,0
346,346,0,5f042970,1c4cd4fe,00000000,ffd9,000b,b,0073,-2555893,0,0
347,347,0,5f042971,1c4cd4fe,00000000,ffd9,000b,c,0074,-2555893,0,0
348,348,0,5f042972,1c4cd4fe,00000000,ffd9,000b,0,0075,-2555893,0,0
349,349,0,5f042972,1c4cd4fe,00000000,ffd9,000b,0,0075,-2555893,0,0
350,350,0,5f042973,1c4cd4fe,00000000,ffd9,000b,1,0076,-2555893,0,0
351,351,0,5f042974,1c4cd4fe,00000000,ffd9,000b,2,0077,-2555893,0,0
352,352,0,5f042975,1c4cd4fe,00000000,ffd9,000b,3,0078,-2555893,0,0
353,353,0,5f042976,1c4cd4fe,00000000,ffd9,000b,4,0079,-2555893,0,0
354,354,0,5f042977,1c4cd4fe,00000000,ffd9,000b,5,007a,-2555893,0,0
355,355,0,5f042978,1c4cd4fe,00000000,ffd9,000b,6,007b,-2555893,0,0
356,356,0,5f042979,1c4cd4fe,00000000,ffd9,000b,7,0079,-2555893,0,0
357,357,0,5f042979,1c4cd4fe,00000000,ffd9,000b,7,007c,-2555893,0,0
358,358,0,5f04297a,1c4cd4fe,00000000,ffd9,000b,8,007d,-2555893,0,0
359,359,0,5f04297b,1c4cd4fe,00000000,ffd9,000b,9,007e,-2555893,0,0
360,360,0,5f04297c,1c4cd4fe,00000000,ffd9,000b,a,007f,-2555893,0,0
361,361,0,5f04297d,1c4cd4fe,00000000,ffd9,000b,b,0080,-2555893,0,0
362,362,0,5f04297e,1c4cd4ff,00000000,ffd8,000e,c,0081,-2621426,0,1
363,363,0,5f04297f,1c4cd4ff,00000000,ffd8,000e,0,0000,-2621426,0,0
364,364,0,5f04297f,1c4cd4ff,00000000,ffd8,000e,0,0000,-2621426,0,0
365,365,0,5f042980,1c4cd4ff,00000000,ffd8,000e,1,0001,-2621426,0,0
366,366,0,5f042981,1c4cd4ff,00000000,ffd8,000e,2,0002,-2621426,0,0
367,367,0,5f042982,1c4cd4ff,00000000,ffd8,000e,3,0003,-2621426,0,0
368,368,0,5f042983,1c4cd4ff,00000000,ffd8,000e,4,0004,-2621426,0,0
369,369,0,5f042984,1c4cd4ff,00000000,ffd8,000e,5,0005,-2621426,0,0
370,370,0,5f042985,1c4cd4ff,00000000,ffd8,000e,6,0006,-2621426,0,0
371,371,0,5f042987,1c4cd4ff,00000000,ffd8,000e,7,0006,-2621426,0,0
372,372,0,5f042986,1c4cd4ff,00000000,ffd8,000e,7,0007,-2621426,0,0
373,373,0,5f042987,1c4cd4ff,00000000,ffd8,000e,8,0008,-2621426,0,0
374,374,0,5f042988,1c4cd4ff,00000000,ffd8,000e,9,0009,-2621426,0,0
375,375,0,5f042989,1c4cd4ff,00000000,ffd8,000e,a,000a,-2621426,0,0
376,376,0,5f04298a,1c4cd4ff,00000000,ffd8,000e,b,000b,-2621426,0,0
377,377,0,5f04298b,1c4cd4ff,00000000,ffd8,000e,c,000c,-2621426,0,0
378,378,0,5f04298c,1c4cd4ff,00000000,ffd8,000e,0,000d,-2621426,0,0
379,379,0,5f04298c,1c4cd4ff,00000000,ffd8,000e,0,000d,-2621426,0,0
380,380,0,5f04298d,1c4cd4ff,00000000,ffd8,000e,1,000e,-2621426,0,0
381,381,0,5f04298e,1c4cd4ff,00000000,ffd8,000e,2,000f,-2621426,0,0
382,382,0,5f04298f,1c4cd4ff,00000000,ffd8,000e,3,0010,-2621426,0,0
383,383,0,5f042990,1c4cd4ff,00000000,ffd8,000e,4,0011,-2621426,0,0
384,384,0,5f042991,1c4cd4ff,00000000,ffd8,000e,5,0012,-2621426,0,0
385,385,0,5f042992,1c4cd4ff,00000000,ffd8,000e,6,0013,-2621426,0,0
386,386,0,5f042993,1c4cd4ff,00000000,ffd8,000e,7,0015,-2621426,0,0
387,387,0,5f042993,1c4cd4ff,00000000,ffd8,000e,7,0014,-2621426,0,0
388,388,0,5f042994,1c4cd4ff,00000000,ffd8,000e,8,0015,-2621426,0,0
389,389,0,5f042995,1c4cd4ff,00000000,ffd8,000e,9,0016,-2621426,0,0
390,390,0,5f042996,1c4cd4ff,00000000,ffd8,000e,a,0017,-2621426,0,0
391,391,0,5f042997,1c4cd4ff,00000000,ffd8,000e,b,0018,-2621426,0,0
392,392,0,5f042998,1c4cd4ff,00000000,ffd8,000e,c,0019,-2621426,0,0
393,393,0,5f042999,1c4cd4ff,00000000,ffd8,000e,0,001a,-2621426,0,0
394,394,0,5f042999,1c4cd4ff,00000000,ffd8,000e,0,001a,-2621426,0,0
395,395,0,5f04299a,1c4cd4ff,00000000,ffd8,000e,1,001b,-2621426,0,0
396,396,0,5f04299b,1c4cd4ff,00000000,ffd8,000e,2,001c,-2621426,0,0
397,397,0,5f04299c,1c4cd4ff,00000000,ffd8,000e,3,001d,-2621426,0,0
398,398,0,5f04299d,1c4cd4ff,00000000,ffd8,000e,4,001e,-2621426,0,0
399,399,0,5f04299e,1c4cd4ff,00000000,ffd8,000e,5,001f,-2621426,0,0
400,400,0,5f04299f,1c4cd4ff,00000000,ffd8,000e,6,0020,-2621426,0,0
401,401,0,5f0429a0,1c4cd4ff,00000000,ffd8,000e,7,0021,-2621426,0,0
402,402,0,5f0429a0,1c4cd4ff,00000000,ffd8,000e,7,0021,-2621426,0,0
403,403,0,5f0429a1,1c4cd4ff,00000000,ffd8,000e,8,0022,-2621426,0,0
404,404,0,5f0429a2,1c4cd4ff,00000000,ffd8,000e,9,0023,-2621426,0,0
405,405,0,5f0429a3,1c4cd4ff,00000000,ffd8,000e,a,0024,-2621426,0,0
406,406,0,5f0429a4,1c4cd4ff,00000000,ffd8,000e,b,0025,-2621426,0,0
407,407,0,5f0429a5,1c4cd4ff,00000000,ffd8,000e,c,0026,-2621426,0,0
408,408,0,5f0429a6,1c4cd4ff,00000000,ffd8,000e,0,0027,-2621426,0,0
409,409,0,5f0429a6,1c4cd4ff,00000000,ffd8,000e,0,0027,-2621426,0,0
410,410,0,5f0429a7,1c4cd4ff,00000000,ffd8,000e,1,0028,-2621426,0,0
411,411,0,5f0429a8,1c4cd4ff,00000000,ffd8,000e,2,0029,-2621426,0,0
412,412,0,5f0429a9,1c4cd4ff,00000000,ffd8,000e,3,002a,-2621426,0,0
413,413,0,5f0429aa,1c4cd4ff,00000000,ffd8,000e,4,002b,-2621426,0,0
414,414,0,5f0429ab,1c4cd4ff,00000000,ffd8,000e,5,002c,-2621426,0,0
415,415,0,5f0429ac,1c4cd4ff,00000000,ffd8,000e,6,002d,-2621426,0,0
416,416,0,5f0429ad,1c4cd4ff,00000000,ffd8,000e,7,002f,-2621426,0,0
417,417,0,5f0429ad,1c4cd4ff,00000000,ffd8,000e,7,002e,-2621426,0,0
418,418,0,5f0429ae,1c4cd4ff,00000000,ffd8,000e,8,002f,-2621426,0,0
419,419,0,5f0429af,1c4cd4ff,00000000,ffd8,000e,9,0030,-2621426,0,0
420,420,0,5f0429b0,1c4cd4ff,00000000,ffd8,000e,a,0031,-2621426,0,0
421,421,0,5f0429b1,1c4cd4ff,00000000,ffd8,000e,b,0032,-2621426,0,0
422,422,0,5f0429b2,1c4cd4ff,00000000,ffd8,000e,c,0033,-2621426,0,0
423,423,0,5f0429b3,1c4cd4ff,00000000,ffd8,000e,0,0034,-2621426,0,0
424,424,0,5f0429b3,1c4cd4ff,00000000,ffd8,000e,0,0034,-2621426,0,0
425,425,0,5f0429b4,1c4cd4ff,00000000,ffd8,000e,1,0035,-2621426,0,0
426,426,0,5f0429b5,1c4cd4ff,00000000,ffd8,000e,2,0036,-2621426,0,0
427,427,0,5f0429b6,1c4cd4ff,00000000,ffd8,000e,3,0037,-2621426,0,0
428,428,0,5f0429b7,1c4cd4ff,00000000,ffd8,000e,4,0038,-2621426,0,0
429,429,0,5f0429b8,1c4cd4ff,00000000,ffd8,000e,5,0039,-2621426,0,0
430,430,0,5f0429b9,1c4cd4ff,00000000,ffd8,000e,6,003a,-2621426,0,0
431,431,0,5f0429bb,1c4cd4ff,00000000,ffd8,000e,7,003a,-2621426,0,0
432,432,0,5f0429ba,1c4cd4ff,00000000,ffd8,000e,7,003b,-2621426,0,0
433,433,0,5f0429bb,1c4cd4ff,00000000,ffd8,000e,8,003c,-2621426,0,0
434,434,0,5f0429bc,1c4cd4ff,00000000,ffd8,000e,9,003d,-2621426,0,0
435,435,0,5f0429bd,1c4cd4ff,00000000,ffd8,000e,a,003e,-2621426,0,0
436,436,0,5f0429be,1c4cd4ff,00000000,ffd8,000e,b,003f,-2621426,0,0
437,437,0,5f0429bf,1c4cd4ff,00000000,ffd8,000e,c,0040,-2621426,0,0
438,438,0,5f0429c0,1c4cd4ff,00000000,ffd8,000e,0,0041,-2621426,0,0
439,439,0,5f0429c0,1c4cd4ff,00000000,ffd8,000e,0,0041,-2621426,0,0
440,440,0,5f0429c1,1c4cd4ff,00000000,ffd8,000e,1,0042,-2621426,0,0
441,441,0,5f0429c2,1c4cd4ff,00000000,ffd8,000e,2,0043,-2621426,0,0
442,442,0,5f0429c3,1c4cd4ff,00000000,ffd8,000e,3,0044,-2621426,0,0
443,443,0,5f0429c4,1c4cd4ff,00000000,ffd8,000e,4,0045,-2621426,0,0
444,444,0,5f0429c5,1c4cd4ff,00000000,ffd8,000e,5,0046,-2621426,0,0
445,445,0,5f0429c6,1c4cd4ff,00000000,ffd8,000e,6,0047,-2621426,0,0
446,446,0,5f0429c7,1c4cd4ff,00000000,ffd8,000e,7,004d,-2621426,0,0
447,447,0,5f0429c7,1c4cd4ff,00000000,ffd8,000e,7,0048,-2621426,0,0
448,448,0,5f0429c8,1c4cd4ff,00000000,ffd8,000e,8,0049,-2621426,0,0
449,449,0,5f0429c9,1c4cd4ff,00000000,ffd8,000e,9,004a,-2621426,0,0
450,450,0,5f0429ca,1c4cd4ff,00000000,ffd8,000e,a,004b,-2621426,0,0
451,451,0,5f0429cb,1c4cd4ff,00000000,ffd8,000e,b,004c,-2621426,0,0
452,452,0,5f0429cc,1c4cd4ff,00000000,ffd8,000e,c,004d,-2621426,0,0
453,453,0,5f0429cd,1c4cd4ff,00000000,ffd8,000e,0,004e,-2621426,0,0
454,454,0,5f0429cd,1c4cd4ff,00000000,ffd8,000e,0,004e,-2621426,0,0
455,455,0,5f0429ce,1c4cd4ff,00000000,ffd8,000e,1,004f,-2621426,0,0
456,456,0,5f0429cf,1c4cd4ff,00000000,ffd8,000e,2,0050,-2621426,0,0
457,457,0,5f0429d0,1c4cd4ff,00000000,ffd8,000e,3,0051,-2621426,0,0
458,458,0,5f0429d1,1c4cd4ff,00000000,ffd8,000e,4,0052,-2621426,0,0
459,459,0,5f0429d2,1c4cd4ff,00000000,ffd8,000e,5,0053,-2621426,0,0
460,460,0,5f0429d3,1c4cd4ff,00000000,ffd8,000e,6,0054,-2621426,0,0
461,461,0,5f0429d4,1c4cd4ff,00000000,ffd8,000e,7,0054,-2621426,0,0
462,462,0,5f0429d4,1c4cd4ff,00000000,ffd8,000e,7,0055,-2621426,0,0
463,463,0,5f0429d5,1c4cd4ff,00000000,ffd8,000e,8,0056,-2621426,0,0
464,464,0,5f0429d6,1c4cd4ff,00000000,ffd8,000e,9,0057,-2621426,0,0
465,465,0,5f0429d7,1c4cd4ff,00000000,ffd8,000e,a,0058,-2621426,0,0
466,466,0,5f0429d8,1c4cd4ff,00000000,ffd8,000e,b,0059,-2621426,0,0
467,467,0,5f0429d9,1c4cd4ff,00000000,ffd8,000e,c,005a,-2621426,0,0
468,468,0,5f0429da,1c4cd4ff,00000000,ffd8,000e,0,005b,-2621426,0,0
469,469,0,5f0429da,1c4cd4ff,00000000,ffd8,000e,0,005b,-2621426,0,0
470,470,0,5f0429db,1c4cd4ff,00000000,ffd8,000e,1,005c,-2621426,0,0
471,471,0,5f0429dc,1c4cd4ff,00000000,ffd8,000e,2,005d,-2621426,0,0
472,472,0,5f0429dd,1c4cd4ff,00000000,ffd8,000e,3,005e,-2621426,0,0
473,473,0,5f0429de,1c4cd4ff,00000000,ffd8,000e,4,005f,-2621426,0,0
474,474,0,5f0429df,1c4cd4ff,00000000,ffd8,000e,5,0060,-2621426,0,0
475,475,0,5f0429e0,1c4cd4ff,00000000,ffd8,000e,6,0061,-2621426,0,0
476,476,0,5f0429e1,1c4cd4ff,00000000,ffd8,000e,7,0063,-2621426,0,0
477,477,0,5f0429e1,1c4cd4ff,00000000,ffd8,000e,7,0062,-2621426,0,0
478,478,0,5f0429e2,1c4cd4ff,00000000,ffd8,000e,8,0063,-2621426,0,0
479,479,0,5f0429e3,1c4cd4ff,00000000,ffd8,000e,9,0064,-2621426,0,0
480,480,0,5f0429e4,1c4cd4ff,00000000,ffd8,000e,a,0065,-2621426,0,0
481,481,0,5f0429e5,1c4cd4ff,00000000,ffd8,000e,b,0066,-2621426,0,0
482,482,0,5f0429e6,1c4cd4ff,00000000,ffd8,000e,c,0067,-2621426,0,0
483,483,0,5f0429e7,1c4cd4ff,00000000,ffd8,000e,0,0068,-2621426,0,0
484,484,0,5f0429e7,1c4cd4ff,00000000,ffd8,000e,0,0068,-2621426,0,0
485,485,0,5f0429e8,1c4cd4ff,00000000,ffd8,000e,1,0069,-2621426,0,0
486,486,0,5f0429e9,1c4cd4ff,00000000,ffd8,000e,2,006a,-2621426,0,0
487,487,0,5f0429ea,1c4cd4ff,00000000,ffd8,000e,3,006b,-2621426,0,0
488,488,0,5f0429eb,1c4cd4ff,00000000,ffd8,000e,4,006c,-2621426,0,0
489,489,0,5f0429ec,1c4cd4ff,00000000,ffd8,000e,5,006d,-2621426,0,0
490,490,0,5f0429ed,1c4cd4ff,00000000,ffd8,000e,6,006e,-2621426,0,0
491,491,0,5f0429ef,1c4cd4ff,00000000,ffd8,000e,7,006e,-2621426,0,0
492,492,0,5f0429ee,1c4cd4ff,00000000,ffd8,000e,7,006f,-2621426,0,0
493,493,0,5f0429ef,1c4cd4ff,00000000,ffd8,000e,8,0070,-2621426,0,0
494,494,0,5f0429f0,1c4cd4ff,00000000,ffd8,000e,9,0071,-2621426,0,0
495,495,0,5f0429f1,1c4cd4ff,00000000,ffd8,000e,a,0072,-2621426,0,0
496,496,0,5f0429f2,1c4cd4ff,00000000,ffd8,000e,b,0073,-2621426,0,0
497,497,0,5f0429f3,1c4cd4ff,00000000,ffd8,000e,c,0074,-2621426,0,0
498,498,0,5f0429f4,1c4cd4ff,00000000,ffd8,000e,0,0075,-2621426,0,0
499,499,0,5f0429f4,1c4cd4ff,00000000,ffd8,000e,0,0075,-2621426,0,0
500,500,0,5f0429f5,1c4cd4ff,00000000,ffd8,000e,1,0076,-2621426,0,0
501,501,0,5f0429f6,1c4cd4ff,00000000,ffd8,000e,2,0077,-2621426,0,0
502,502,0,5f0429f7,1c4cd4ff,00000000,ffd8,000e,3,0078,-2621426,0,0
503,503,0,5f0429f8,1c4cd4ff,00000000,ffd8,000e,4,0079,-2621426,0,0
504,504,0,5f0429f9,1c4cd4ff,00000000,ffd8,000e,5,007a,-2621426,0,0
505,505,0,5f0429fa,1c4cd4ff,00000000,ffd8,000e,6,007b,-2621426,0,0
506,506,0,5f0429fb,1c4cd4ff,00000000,ffd8,000e,7,0079,-2621426,0,0
507,507,0,5f0429fb,1c4cd4ff,00000000,ffd8,000e,7,007c,-2621426,0,0
508,508,0,5f0429fc,1c4cd4ff,00000000,ffd8,000e,8,007d,-2621426,0,0
509,509,0,5f0429fd,1c4cd4ff,00000000,ffd8,000e,9,007e,-2621426,0,0
510,510,0,5f0429fe,1c4cd4ff,00000000,ffd8,000e,a,007f,-2621426,0,0
511,511,0,5f0429ff,1c4cd4ff,00000000,ffd8,000e,b,0080,-2621426,0,0
512,512,1,5f042a00,1c4cd500,00000000,ffd8,000d,c,0081,-2621427,0,1
513,513,0,5f042a01,1c4cd500,00000000,ffd8,000d,0,0000,-2621427,0,0
514,514,0,5f042a01,1c4cd500,00000000,ffd8,000d,0,0000,-2621427,0,0
515,515,0,5f042a02,1c4cd500,00000000,ffd8,000d,1,0001,-2621427,0,0
516,516,0,5f042a03,1c4cd500,00000000,ffd8,000d,2,0002,-2621427,0,0
517,517,0,5f042a04,1c4cd500,00000000,ffd8,000d,3,0003,-2621427,0,0
518,518,0,5f042a05,1c4cd500,00000000,ffd8,000d,4,0004,-2621427,0,0
519,519,0,5f042a06,1c4cd500,00000000,ffd8,000d,5,0005,-2621427,0,0
520,520,0,5f042a07,1c4cd500,00000000,ffd8,000d,6,0006,-2621427,0,0
521,521,0,5f042a09,1c4cd500,00000000,ffd8,000d,7,0006,-2621427,0,0
522,522,0,5f042a08,1c4cd500,00000000,ffd8,000d,7,0007,-2621427,0,0
523,523,0,5f042a09,1c4cd500,00000000,ffd8,000d,8,0008,-2621427,0,0
524,524,0,5f042a0a,1c4cd500,00000000,ffd8,000d,9,0009,-2621427,0,0
525,525,0,5f042a0b,1c4cd500,00000000,ffd8,000d,a,000a,-2621427,0,0
526,526,0,5f042a0c,1c4cd500,00000000,ffd8,000d,b,000b,-2621427,0,0
527,527,0,5f042a0d,1c4cd500,00000000,ffd8,000d,c,000c,-2621427,0,0
528,528,0,5f042a0e,1c4cd500,00000000,ffd8,000d,0,000d,-2621427,0,0
529,529,0,5f042a0e,1c4cd500,00000000,ffd8,000d,0,000d,-2621427,0,0
530,530,0,5f042a0f,1c4cd500,00000000,ffd8,000d,1,000e,-2621427,0,0
531,531,0,5f042a10,1c4cd500,00000000,ffd8,000d,2,000f,-2621427,0,0
532,532,0,5f042a11,1c4cd500,00000000,ffd8,000d,3,0010,-2621427,0,0
533,533,0,5f042a12,1c4cd500,00000000,ffd8,000d,4,0011,-2621427,0,0
534,534,0,5f042a13,1c4cd500,00000000,ffd8,000d,5,0012,-2621427,0,0
535,535,0,5f042a14,1c4cd500,00000000,ffd8,000d,6,0013,-2621427,0,0
536,536,0,5f042a15,1c4cd500,00000000,ffd8,000d,7,0011,-2621427,0,0
537,537,0,5f042a15,1c4cd500,00000000,ffd8,000d,7,0014,-2621427,0,0
538,538,0,5f042a16,1c4cd500,00000000,ffd8,000d,8,0015,-2621427,0,0
539,539,0,5f042a17,1c4cd500,00000000,ffd8,000d,9,0016,-2621427,0,0
540,540,0,5f042a18,1c4cd500,00000000,ffd8,000d,a,0017,-2621427,0,0
541,541,0,5f042a19,1c4cd500,00000000,ffd8,000d,b,0018,-2621427,0,0
542,542,0,5f042a1a,1c4cd500,00000000,ffd8,000d,c,0019,-2621427,0,0
543,543,0,5f042a1b,1c4cd500,00000000,ffd8,000d,0,001a,-2621427,0,0
544,544,0,5f042a1b,1c4cd500,00000000,ffd8,000d,0,001a,-2621427,0,0
545,545,0,5f042a1c,1c4cd500,00000000,ffd8,000d,1,001b,-2621427,0,0
546,546,0,5f042a1d,1c4cd500,00000000,ffd8,000d,2,001c,-2621427,0,0
547,547,0,5f042a1e,1c4cd500,00000000,ffd8,000d,3,001d,-2621427,0,0
548,548,0,5f042a1f,1c4cd500,00000000,ffd8,000d,4,001e,-2621427,0,0
549,549,0,5f042a20,1c4cd500,00000000,ffd8,000d,5,001f,-2621427,0,0
550,550,0,5f042a21,1c4cd500,00000000,ffd8,000d,6,0020,-2621427,0,0
551,551,0,5f042a23,1c4cd500,00000000,ffd8,000d,7,0020,-2621427,0,0
552,552,0,5f042a22,1c4cd500,00000000,ffd8,000d,7,0021,-2621427,0,0
553,553,0,5f042a23,1c4cd500,00000000,ffd8,000d,8,0022,-2621427,0,0
554,554,0,5f042a24,1c4cd500,00000000,ffd8,000d,9,0023,-2621427,0,0
555,555,0,5f042a25,1c4cd500,00000000,ffd8,000d,a,0024,-2621427,0,0
556,556,0,5f042a26,1c4cd500,00000000,ffd8,000d,b,0025,-2621427,0,0
557,557,0,5f042a27,1c4cd500,00000000,ffd8,000d,c,0026,-2621427,0,0
558,558,0,5f042a28,1c4cd500,00000000,ffd8,000d,0,0027,-2621427,0,0
559,559,0,5f042a28,1c4cd500,00000000,ffd8,000d,0,0027,-2621427,0,0
560,560,0,5f042a29,1c4cd500,00000000,ffd8,000d,1,0028,-2621427,0,0
561,561,0,5f042a2a,1c4cd500,00000000,ffd8,000d,2,0029,-2621427,0,0
562,562,0,5f042a2b,1c4cd500,00000000,ffd8,000d,3,002a,-2621427,0,0
563,563,0,5f042a2c,1c4cd500,00000000,ffd8,000d,4,002b,-2621427,0,0
564,564,0,5f042a2d,1c4cd500,00000000,ffd8,000d,5,002c,-2621427,0,0
565,565,0,5f042a2e,1c4cd500,00000000,ffd8,000d,6,002d,-2621427,0,0
566,566,0,5f042a2e,1c4cd500,00000000,ffd8,000d,7,002f,-2621427,0,0
567,567,0,5f042a2f,1c4cd500,00000000,ffd8,000d,7,002e,-2621427,0,0
568,568,0,5f042a30,1c4cd500,00000000,ffd8,000d,8,002f,-2621427,0,0
569,569,0,5f042a31,1c4cd500,00000000,ffd8,000d,9,0030,-2621427,0,0
570,570,0,5f042a32,1c4cd500,00000000,ffd8,000d,a,0031,-2621427,0,0
571,571,0,5f042a33,1c4cd500,00000000,ffd8,000d,b,0032,-2621427,0,0
572,572,0,5f042a34,1c4cd500,00000000,ffd8,000d,c,0033,-2621427,0,0
573,573,0,5f042a35,1c4cd500,00000000,ffd8,000d,0,0034,-2621427,0,0
574,574,0,5f042a35,1c4cd500,00000000,ffd8,000d,0,0034,-2621427,0,0
575,575,0,5f042a36,1c4cd500,00000000,ffd8,000d,1,0035,-2621427,0,0
576,576,0,5f042a37,1c4cd500,00000000,ffd8,000d,2,0036,-2621427,0,0
577,577,0,5f042a38,1c4cd500,00000000,ffd8,000d,3,0037,-2621427,0,0
578,578,0,5f042a39,1c4cd500,00000000,ffd8,000d,4,0038,-2621427,0,0
579,579,0,5f042a3a,1c4cd500,00000000,ffd8,000d,5,0039,-2621427,0,0
580,580,0,5f042a3b,1c4cd500,00000000,ffd8,000d,6,003a,-2621427,0,0
581,581,0,5f042a3d,1c4cd500,00000000,ffd8,000d,7,003a,-2621427,0,0
582,582,0,5f042a3c,1c4cd500,00000000,ffd8,000d,7,003b,-2621427,0,0
583,583,0,5f042a3d,1c4cd500,00000000,ffd8,000d,8,003c,-2621427,0,0
584,584,0,5f042a3e,1c4cd500,00000000,ffd8,000d,9,003d,-2621427,0,0
585,585,0,5f042a3f,1c4cd500,00000000,ffd8,000d,a,003e,-2621427,0,0
586,586,0,5f042a40,1c4cd500,00000000,ffd8,000d,b,003f,-2621427,0,0
587,587,0,5f042a41,1c4cd500,00000000,ffd8,000d,c,0040,-2621427,0,0
588,588,0,5f042a42,1c4cd500,00000000,ffd8,000d,0,0041,-2621427,0,0
589,589,0,5f042a42,1c4cd500,00000000,ffd8,000d,0,0041,-2621427,0,0
590,590,0,5f042a43,1c4cd500,00000000,ffd8,000d,1,0042,-2621427,0,0
591,591,0,5f042a44,1c4cd500,00000000,ffd8,000d,2,0043,-2621427,0,0
592,592,0,5f042a45,1c4cd500,00000000,ffd8,000d,3,0044,-2621427,0,0
593,593,0,5f042a46,1c4cd500,00000000,ffd8,000d,4,0045,-2621427,0,0
594,594,0,5f042a47,1c4cd500,00000000,ffd8,000d,5,0046,-2621427,0,0
595,595,0,5f042a48,1c4cd500,00000000,ffd8,000d,6,0047,-2621427,0,0
596,596,0,5f042a49,1c4cd500,00000000,ffd8,000d,7,0049,-2621427,0,0
597,597,0,5f042a49,1c4cd500,00000000,ffd8,000d,7,0048,-2621427,0,0
598,598,0,5f042a4a,1c4cd500,00000000,ffd8,000d,8,0049,-2621427,0,0
599,599,0,5f042a4b,1c4cd500,00000000,ffd8,000d,9,004a,-2621427,0,0
600,600,0,5f042a4c,1c4cd500,00000000,ffd8,000d,a,004b,-2621427,0,0
601,601,0,5f042a4d,1c4cd500,00000000,ffd8,000d,b,004c,-2621427,0,0
602,602,0,5f042a4e,1c4cd500,00000000,ffd8,000d,c,004d,-2621427,0,0
603,603,0,5f042a4f,1c4cd500,00000000,ffd8,000d,0,004e,-2621427,0,0
604,604,0,5f042a4f,1c4cd500,00000000,ffd8,000d,0,004e,-2621427,0,0
605,605,0,5f042a50,1c4cd500,00000000,ffd8,000d,1,004f,-2621427,0,0
606,606,0,5f042a51,1c4cd500,00000000,ffd8,000d,2,0050,-2621427,0,0
607,607,0,5f042a52,1c4cd500,00000000,ffd8,000d,3,0051,-2621427,0,0
608,608,0,5f042a53,1c4cd500,00000000,ffd8,000d,4,0052,-2621427,0,0
609,609,0,5f042a54,1c4cd500,00000000,ffd8,000d,5,0053,-2621427,0,0
610,610,0,5f042a55,1c4cd500,00000000,ffd8,000d,6,0054,-2621427,0,0
611,611,0,5f042a57,1c4cd500,00000000,ffd8,000d,7,0054,-2621427,0,0
612,612,0,5f042a56,1c4cd500,00000000,ffd8,000d,7,0055,-2621427,0,0
613,613,0,5f042a57,1c4cd500,00000000,ffd8,000d,8,0056,-2621427,0,0
614,614,0,5f042a58,1c4cd500,00000000,ffd8,000d,9,0057,-2621427,0,0
615,615,0,5f042a59,1c4cd500,00000000,ffd8,000d,a,0058,-2621427,0,0
616,616,0,5f042a5a,1c4cd500,00000000,ffd8,000d,b,0059,-2621427,0,0
617,617,0,5f042a5b,1c4cd500,00000000,ffd8,000d,c,005a,-2621427,0,0
618,618,0,5f042a5c,1c4cd500,00000000,ffd8,000d,0,005b,-2621427,0,0
619,619,0,5f042a5c,1c4cd500,00000000,ffd8,000d,0,005b,-2621427,0,0
620,620,0,5f042a5d,1c4cd500,00000000,ffd8,000d,1,005c,-2621427,0,0
621,621,0,5f042a5e,1c4cd500,00000000,ffd8,000d,2,005d,-2621427,0,0
622,622,0,5f042a5f,1c4cd500,00000000,ffd8,000d,3,005e,-2621427,0,0
623,623,0,5f042a60,1c4cd500,00000000,ffd8,000d,4,005f,-2621427,0,0
624,624,0,5f042a61,1c4cd500,00000000,ffd8,000d,5,0060,-2621427,0,0
625,625,0,5f042a62,1c4cd500,00000000,ffd8,000d,6,0061,-2621427,0,0
626,626,0,5f042a63,1c4cd500,00000000,ffd8,000d,7,0063,-2621427,0,0
627,627,0,5f042a63,1c4cd500,00000000,ffd8,000d,7,0062,-2621427,0,0
628,628,0,5f042a64,1c4cd500,00000000,ffd8,000d,8,0063,-2621427,0,0
629,629,0,5f042a65,1c4cd500,00000000,ffd8,000d,9,0064,-2621427,0,0
630,630,0,5f042a66,1c4cd500,00000000,ffd8,000d,a,0065,-2621427,0,0
631,631,0,5f042a67,1c4cd500,00000000,ffd8,000d,b,0066,-2621427,0,0
632,632,0,5f042a68,1c4cd500,00000000,ffd8,000d,c,0067,-2621427,0,0
633,633,0,5f042a69,1c4cd500,00000000,ffd8,000d,0,0068,-2621427,0,0
634,634,0,5f042a69,1c4cd500,00000000,ffd8,000d,0,0068,-2621427,0,0
635,635,0,5f042a6a,1c4cd500,00000000,ffd8,000d,1,0069,-2621427,0,0
636,636,0,5f042a6b,1c4cd500,00000000,ffd8,000d,2,006a,-2621427,0,0
637,637,0,5f042a6c,1c4cd500,00000000,ffd8,000d,3,006b,-2621427,0,0
638,638,0,5f042a6d,1c4cd500,00000000,ffd8,000d,4,006c,-2621427,0,0
639,639,0,5f042a6e,1c4cd500,00000000,ffd8,000d,5,006d,-2621427,0,0
640,640,0,5f042a6f,1c4cd500,00000000,ffd8,000d,6,006e,-2621427,0,0
641,641,0,5f042a70,1c4cd500,00000000,ffd8,000d,7,006e,-2621427,0,0
642,642,0,5f042a70,1c4cd500,00000000,ffd8,000d,7,006f,-2621427,0,0
643,643,0,5f042a71,1c4cd500,00000000,ffd8,000d,8,0070,-2621427,0,0
644,644,0,5f042a72,1c4cd500,00000000,ffd8,000d,9,0071,-2621427,0,0
645,645,0,5f042a73,1c4cd500,00000000,ffd8,000d,a,0072,-2621427,0,0
646,646,0,5f042a74,1c4cd500,00000000,ffd8,000d,b,0073,-2621427,0,0
647,647,0,5f042a75,1c4cd500,00000000,ffd8,000d,c,0074,-2621427,0,0
648,648,0,5f042a76,1c4cd500,00000000,ffd8,000d,0,0075,-2621427,0,0
649,649,0,5f042a76,1c4cd500,00000000,ffd8,000d,0,0075,-2621427,0,0
650,650,0,5f042a77,1c4cd500,00000000,ffd8,000d,1,0076,-2621427,0,0
651,651,0,5f042a78,1c4cd500,00000000,ffd8,000d,2,0077,-2621427,0,0
652,652,0,5f042a79,1c4cd500,00000000,ffd8,000d,3,0078,-2621427,0,0
653,653,0,5f042a7a,1c4cd500,00000000,ffd8,000d,4,0079,-2621427,0,0
654,654,0,5f042a7b,1c4cd500,00000000,ffd8,000d,5,007a,-2621427,0,0
655,655,0,5f042a7c,1c4cd500,00000000,ffd8,000d,6,007b,-2621427,0,0
656,656,0,5f042a7d,1c4cd500,00000000,ffd8,000d,7,007d,-2621427,0,0
657,657,0,5f042a7d,1c4cd500,00000000,ffd8,000d,7,007c,-2621427,0,0
658,658,0,5f042a7e,1c4cd500,00000000,ffd8,000d,8,007d,-2621427,0,0
659,659,0,5f042a7f,1c4cd500,00000000,ffd8,000d,9,007e,-2621427,0,0
660,660,0,5f042a80,1c4cd500,00000000,ffd8,000d,a,007f,-2621427,0,0
661,661,0,5f042a81,1c4cd500,00000000,ffd8,000d,b,0080,-2621427,0,0
662,662,0,5f042a82,1c4cd501,00000000,ffda,000d,c,0081,-2490355,0,1
663,663,0,5f042a83,1c4cd501,00000000,ffda,000d,0,0000,-2490355,0,0
664,664,0,5f042a83,1c4cd501,00000000,ffda,000d,0,0000,-2490355,0,0
665,665,0,5f042a84,1c4cd501,00000000,ffda,000d,1,0001,-2490355,0,0
666,666,0,5f042a85,1c4cd501,00000000,ffda,000d,2,0002,-2490355,0,0
667,667,0,5f042a86,1c4cd501,00000000,ffda,000d,3,0003,-2490355,0,0
668,668,0,5f042a87,1c4cd501,00000000,ffda,000d,4,0004,-2490355,0,0
669,669,0,5f042a88,1c4cd501,00000000,ffda,000d,5,0005,-2490355,0,0
670,670,0,5f042a89,1c4cd501,00000000,ffda,000d,6,0006,-2490355,0,0
671,671,0,5f042a8a,1c4cd501,00000000,ffda,000d,7,0006,-2490355,0,0
672,672,0,5f042a8a,1c4cd501,00000000,ffda,000d,7,0007,-2490355,0,0
673,673,0,5f042a8b,1c4cd501,00000000,ffda,000d,8,0008,-2490355,0,0
674,674,0,5f042a8c,1c4cd501,00000000,ffda,000d,9,0009,-2490355,0,0
675,675,0,5f042a8d,1c4cd501,00000000,ffda,000d,a,000a,-2490355,0,0
676,676,0,5f042a8e,1c4cd501,00000000,ffda,000d,b,000b,-2490355,0,0
677,677,0,5f042a8f,1c4cd501,00000000,ffda,000d,c,000c,-2490355,0,0
678,678,0,5f042a90,1c4cd501,00000000,ffda,000d,0,000d,-2490355,0,0
679,679,0,5f042a90,1c4cd501,00000000,ffda,000d,0,000d,-2490355,0,0
680,680,0,5f042a91,1c4cd501,00000000,ffda,000d,1,000e,-2490355,0,0
681,681,0,5f042a92,1c4cd501,00000000,ffda,000d,2,000f,-2490355,0,0
682,682,0,5f042a93,1c4cd501,00000000,ffda,000d,3,0010,-2490355,0,0
683,683,0,5f042a94,1c4cd501,00000000,ffda,000d,4,0011,-2490355,0,0
684,684,0,5f042a95,1c4cd501,00000000,ffda,000d,5,0012,-2490355,0,0
685,685,0,5f042a96,1c4cd501,00000000,ffda,000d,6,0013,-2490355,0,0
686,686,0,5f042a97,1c4cd501,00000000,ffda,000d,7,0015,-2490355,0,0
687,687,0,5f042a97,1c4cd501,00000000,ffda,000d,7,0014,-2490355,0,0
688,688,0,5f042a98,1c4cd501,00000000,ffda,000d,8,0015,-2490355,0,0
689,689,0,5f042a99,1c4cd501,00000000,ffda,000d,9,0016,-2490355,0,0
690,690,0,5f042a9a,1c4cd501,00000000,ffda,000d,a,0017,-2490355,0,0
691,691,0,5f042a9b,1c4cd501,00000000,ffda,000d,b,0018,-2490355,0,0
692,692,0,5f042a9c,1c4cd501,00000000,ffda,000d,c,0019,-2490355,0,0
693,693,0,5f042a9d,1c4cd501,00000000,ffda,000d,0,001a,-2490355,0,0
694,694,0,5f042a9d,1c4cd501,00000000,ffda,000d,0,001a,-2490355,0,0
695,695,0,5f042a9e,1c4cd501,00000000,ffda,000d,1,001b,-2490355,0,0
696,696,0,5f042a9f,1c4cd501,00000000,ffda,000d,2,001c,-2490355,0,0
697,697,0,5f042aa0,1c4cd501,00000000,ffda,000d,3,001d,-2490355,0,0
698,698,0,5f042aa1,1c4cd501,00000000,ffda,000d,4,001e,-2490355,0,0
699,699,0,5f042aa2,1c4cd501,00000000,ffda,000d,5,001f,-2490355,0,0
700,700,0,5f042aa3,1c4cd501,00000000,ffda,000d,6,0020,-2490355,0,0
701,701,0,5f042aa5,1c4cd501,00000000,ffda,000d,7,0020,-2490355,0,0
702,702,0,5f042aa4,1c4cd501,00000000,ffda,000d,7,0021,-2490355,0,0
703,703,0,5f042aa5,1c4cd501,00000000,ffda,000d,8,0022,-2490355,0,0
704,704,0,5f042aa6,1c4cd501,00000000,ffda,000d,9,0023,-2490355,0,0
705,705,0,5f042aa7,1c4cd501,00000000,ffda,000d,a,0024,-2490355,0,0
706,706,0,5f042aa8,1c4cd501,00000000,ffda,000d,b,0025,-2490355,0,0
707,707,0,5f042aa9,1c4cd501,00000000,ffda,000d,c,0026,-2490355,0,0
708,708,0,5f042aaa,1c4cd501,00000000,ffda,000d,0,0027,-2490355,0,0
709,709,0,5f042aaa,1c4cd501,00000000,ffda,000d,0,0027,-2490355,0,0
710,710,0,5f042aab,1c4cd501,00000000,ffda,000d,1,0028,-2490355,0,0
711,711,0,5f042aac,1c4cd501,00000000,ffda,000d,2,0029,-2490355,0,0
712,712,0,5f042aad,1c4cd501,00000000,ffda,000d,3,002a,-2490355,0,0
713,713,0,5f042aae,1c4cd501,00000000,ffda,000d,4,002b,-2490355,0,0
714,714,0,5f042aaf,1c4cd501,00000000,ffda,000d,5,002c,-2490355,0,0
715,715,0,5f042ab0,1c4cd501,00000000,ffda,000d,6,002d,-2490355,0,0
716,716,0,5f042ab1,1c4cd501,00000000,ffda,000d,7,002f,-2490355,0,0
717,717,0,5f042ab1,1c4cd501,00000000,ffda,000d,7,002e,-2490355,0,0
718,718,0,5f042ab2,1c4cd501,00000000,ffda,000d,8,002f,-2490355,0,0
719,719,0,5f042ab3,1c4cd501,00000000,ffda,000d,9,0030,-2490355,0,0
720,720,0,5f042ab4,1c4cd501,00000000,ffda,000d,a,0031,-2490355,0,0
721,721,0,5f042ab5,1c4cd501,00000000,ffda,000d,b,0032,-2490355,0,0
722,722,0,5f042ab6,1c4cd501,00000000,ffda,000d,c,0033,-2490355,0,0
723,723,0,5f042ab7,1c4cd501,00000000,ffda,000d,0,0034,-2490355,0,0
724,724,0,5f042ab7,1c4cd501,00000000,ffda,000d,0,0034,-2490355,0,0
725,725,0,5f042ab8,1c4cd501,00000000,ffda,000d,1,0035,-2490355,0,0
726,726,0,5f042ab9,1c4cd501,00000000,ffda,000d,2,0036,-2490355,0,0
727,727,0,5f042aba,1c4cd501,00000000,ffda,000d,3,0037,-2490355,0,0
728,728,0,5f042abb,1c4cd501,00000000,ffda,000d,4,0038,-2490355,0,0
729,729,0,5f042abc,1c4cd501,00000000,ffda,000d,5,0039,-2490355,0,0
730,730,0,5f042abd,1c4cd501,00000000,ffda,000d,6,003a,-2490355,0,0
731,731,0,5f042abf,1c4cd501,00000000,ffda,000d,7,003a,-2490355,0,0
732,732,0,5f042abe,1c4cd501,00000000,ffda,000d,7,003b,-2490355,0,0
733,733,0,5f042abf,1c4cd501,00000000,ffda,000d,8,003c,-2490355,0,0
734,734,0,5f042ac0,1c4cd501,00000000,ffda,000d,9,003d,-2490355,0,0
735,735,0,5f042ac1,1c4cd501,00000000,ffda,000d,a,003e,-2490355,0,0
736,736,0,5f042ac2,1c4cd501,00000000,ffda,000d,b,003f,-2490355,0,0
737,737,0,5f042ac3,1c4cd501,00000000,ffda,000d,c,0040,-2490355,0,0
738,738,0,5f042ac4,1c4cd501,00000000,ffda,000d,0,0041,-2490355,0,0
739,739,0,5f042ac4,1c4cd501,00000000,ffda,000d,0,0041,-2490355,0,0
740,740,0,5f042ac5,1c4cd501,00000000,ffda,000d,1,0042,-2490355,0,0
741,741,0,5f042ac6,1c4cd501,00000000,ffda,000d,2,0043,-2490355,0,0
742,742,0,5f042ac7,1c4cd501,00000000,ffda,000d,3,0044,-2490355,0,0
743,743,0,5f042ac8,1c4cd501,00000000,ffda,000d,4,0045,-2490355,0,0
744,744,0,5f042ac9,1c4cd501,00000000,ffda,000d,5,0046,-2490355,0,0
745,745,0,5f042aca,1c4cd501,00000000,ffda,000d,6,0047,-2490355,0,0
746,746,0,5f042acb,1c4cd501,00000000,ffda,000d,7,004d,-2490355,0,0
747,747,0,5f042acb,1c4cd501,00000000,ffda,000d,7,0048,-2490355,0,0
748,748,0,5f042acc,1c4cd501,00000000,ffda,000d,8,0049,-2490355,0,0
749,749,0,5f042acd,1c4cd501,00000000,ffda,000d,9,004a,-2490355,0,0
750,750,0,5f042ace,1c4cd501,00000000,ffda,000d,a,004b,-2490355,0,0
751,751,0,5f042acf,1c4cd501,00000000,ffda,000d,b,004c,-2490355,0,0
752,752,0,5f042ad0,1c4cd501,00000000,ffda,000d,c,004d,-2490355,0,0
753,753,0,5f042ad1,1c4cd501,00000000,ffda,000d,0,004e,-2490355,0,0
754,754,0,5f042ad1,1c4cd501,00000000,ffda,000d,0,004e,-2490355,0,0
755,755,0,5f042ad2,1c4cd501,00000000,ffda,000d,1,004f,-2490355,0,0
756,756,0,5f042ad3,1c4cd501,00000000,ffda,000d,2,0050,-2490355,0,0
757,757,0,5f042ad4,1c4cd501,00000000,ffda,000d,3,0051,-2490355,0,0
758,758,0,5f042ad5,1c4cd501,00000000,ffda,000d,4,0052,-2490355,0,0
759,759,0,5f042ad6,1c4cd501,00000000,ffda,000d,5,0053,-2490355,0,0
760,760,0,5f042ad7,1c4cd501,00000000,ffda,000d,6,0054,-2490355,0,0
761,761,0,5f042ad8,1c4cd501,00000000,ffda,000d,7,0054,-2490355,0,0
762,762,0,5f042ad8,1c4cd501,00000000,ffda,000d,7,0055,-2490355,0,0
763,763,0,5f042ad9,1c4cd501,00000000,ffda,000d,8,0056,-2490355,0,0
764,764,0,5f042ada,1c4cd501,00000000,ffda,000d,9,0057,-2490355,0,0
765,765,0,5f042adb,1c4cd501,00000000,ffda,000d,a,0058,-2490355,0,0
766,766,0,5f042adc,1c4cd501,00000000,ffda,000d,b,0059,-2490355,0,0
767,767,0,5f042add,1c4cd501,00000000,ffda,000d,c,005a,-2490355,0,0
768,768,0,5f042ade,1c4cd501,00000000,ffda,000d,0,005b,-2490355,0,0
769,769,0,5f042ade,1c4cd501,00000000,ffda,000d,0,005b,-2490355,0,0
770,770,0,5f042adf,1c4cd501,00000000,ffda,000d,1,005c,-2490355,0,0
771,771,0,5f042ae0,1c4cd501,00000000,ffda,000d,2,005d,-2490355,0,0
772,772,0,5f042ae1,1c4cd501,00000000,ffda,000d,3,005e,-2490355,0,0
773,773,0,5f042ae2,1c4cd501,00000000,ffda,000d,4,005f,-2490355,0,0
774,774,0,5f042ae3,1c4cd501,00000000,ffda,000d,5,0060,-2490355,0,0
775,775,0,5f042ae4,1c4cd501,00000000,ffda,000d,6,0061,-2490355,0,0
776,776,0,5f042ae5,1c4cd501,00000000,ffda,000d,7,0063,-2490355,0,0
777,777,0,5f042ae5,1c4cd501,00000000,ffda,000d,7,0062,-2490355,0,0
778,778,0,5f042ae6,1c4cd501,00000000,ffda,000d,8,0063,-2490355,0,0
779,779,0,5f042ae7,1c4cd501,00000000,ffda,000d,9,0064,-2490355,0,0
780,780,0,5f042ae8,1c4cd501,00000000,ffda,000d,a,0065,-2490355,0,0
781,781,0,5f042ae9,1c4cd501,00000000,ffda,000d,b,0066,-2490355,0,0
782,782,0,5f042aea,1c4cd501,00000000,ffda,000d,c,0067,-2490355,0,0
783,783,0,5f042aeb,1c4cd501,00000000,ffda,000d,0,0068,-2490355,0,0
784,784,0,5f042aeb,1c4cd501,00000000,ffda,000d,0,0068,-2490355,0,0
785,785,0,5f042aec,1c4cd501,00000000,ffda,000d,1,0069,-2490355,0,0
786,786,0,5f042aed,1c4cd501,00000000,ffda,000d,2,006a,-2490355,0,0
787,787,0,5f042aee,1c4cd501,00000000,ffda,000d,3,006b,-2490355,0,0
788,788,0,5f042aef,1c4cd501,00000000,ffda,000d,4,006c,-2490355,0,0
789,789,0,5f042af0,1c4cd501,00000000,ffda,000d,5,006d,-2490355,0,0
790,790,0,5f042af1,1c4cd501,00000000,ffda,000d,6,006e,-2490355,0,0
791,791,0,5f042af3,1c4cd501,00000000,ffda,000d,7,006e,-2490355,0,0
792,792,0,5f042af2,1c4cd501,00000000,ffda,000d,7,006f,-2490355,0,0
793,793,0,5f042af3,1c4cd501,00000000,ffda,000d,8,0070,-2490355,0,0
794,794,0,5f042af4,1c4cd501,00000000,ffda,000d,9,0071,-2490355,0,0
795,795,0,5f042af5,1c4cd501,00000000,ffda,000d,a,0072,-2490355,0,0
796,796,0,5f042af6,1c4cd501,00000000,ffda,000d,b,0073,-2490355,0,0
797,797,0,5f042af7,1c4cd501,00000000,ffda,000d,c,0074,-2490355,0,0
798,798,0,5f042af8,1c4cd501,00000000,ffda,000d,0,0075,-2490355,0,0
799,799,0,5f042af8,1c4cd501,00000000,ffda,000d,0,0075,-2490355,0,0
800,800,0,5f042af9,1c4cd501,00000000,ffda,000d,1,0076,-2490355,0,0
801,801,0,5f042afa,1c4cd501,00000000,ffda,000d,2,0077,-2490355,0,0
802,802,0,5f042afb,1c4cd501,00000000,ffda,000d,3,0078,-2490355,0,0
803,803,0,5f042afc,1c4cd501,00000000,ffda,000d,4,0079,-2490355,0,0
804,804,0,5f042afd,1c4cd501,00000000,ffda,000d,5,007a,-2490355,0,0
805,805,0,5f042afe,1c4cd501,00000000,ffda,000d,6,007b,-2490355,0,0
806,806,0,5f042aff,1c4cd501,00000000,ffda,000d,7,007d,-2490355,0,0
807,807,0,5f042aff,1c4cd501,00000000,ffda,000d,7,007c,-2490355,0,0
808,808,0,5f042b00,1c4cd501,00000000,ffda,000d,8,007d,-2490355,0,0
809,809,0,5f042b01,1c4cd501,00000000,ffda,000d,9,007e,-2490355,0,0
810,810,0,5f042b02,1c4cd501,00000000,ffda,000d,a,007f,-2490355,0,0
811,811,0,5f042b03,1c4cd501,00000000,ffda,000d,b,0080,-2490355,0,0
812,812,0,5f042b04,1c4cd502,00000000,ffda,000b,c,0081,-2490357,0,1
813,813,0,5f042b05,1c4cd502,00000000,ffda,000b,0,0000,-2490357,0,0
814,814,0,5f042b05,1c4cd502,00000000,ffda,000b,0,0000,-2490357,0,0
815,815,0,5f042b06,1c4cd502,00000000,ffda,000b,1,0001,-2490357,0,0
816,816,0,5f042b07,1c4cd502,00000000,ffda,000b,2,0002,-2490357,0,0
817,817,0,5f042b08,1c4cd502,00000000,ffda,000b,3,0003,-2490357,0,0
818,818,0,5f042b09,1c4cd502,00000000,ffda,000b,4,0004,-2490357,0,0
819,819,0,5f042b0a,1c4cd502,00000000,ffda,000b,5,0005,-2490357,0,0
820,820,0,5f042b0b,1c4cd502,00000000,ffda,000b,6,0006,-2490357,0,0
821,821,0,5f042b0d,1c4cd502,00000000,ffda,000b,7,0006,-2490357,0,0
822,822,0,5f042b0c,1c4cd502,00000000,ffda,000b,7,0007,-2490357,0,0
823,823,0,5f042b0d,1c4cd502,00000000,ffda,000b,8,0008,-2490357,0,0
824,824,0,5f042b0e,1c4cd502,00000000,ffda,000b,9,0009,-2490357,0,0
825,825,0,5f042b0f,1c4cd502,00000000,ffda,000b,a,000a,-2490357,0,0
826,826,0,5f042b10,1c4cd502,00000000,ffda,000b,b,000b,-2490357,0,0
827,827,0,5f042b11,1c4cd502,00000000,ffda,000b,c,000c,-2490357,0,0
828,828,0,5f042b12,1c4cd502,00000000,ffda,000b,0,000d,-2490357,0,0
829,829,0,5f042b12,1c4cd502,00000000,ffda,000b,0,000d,-2490357,0,0
830,830,0,5f042b13,1c4cd502,00000000,ffda,000b,1,000e,-2490357,0,0
831,831,0,5f042b14,1c4cd502,00000000,ffda,000b,2,000f,-2490357,0,0
832,832,0,5f042b15,1c4cd502,00000000,ffda,000b,3,0010,-2490357,0,0
833,833,0,5f042b16,1c4cd502,00000000,ffda,000b,4,0011,-2490357,0,0
834,834,0,5f042b17,1c4cd502,00000000,ffda,000b,5,0012,-2490357,0,0
835,835,0,5f042b18,1c4cd502,00000000,ffda,000b,6,0013,-2490357,0,0
836,836,0,5f042b19,1c4cd502,00000000,ffda,000b,7,0015,-2490357,0,0
837,837,0,5f042b19,1c4cd502,00000000,ffda,000b,7,0014,-2490357,0,0
838,838,0,5f042b1a,1c4cd502,00000000,ffda,000b,8,0015,-2490357,0,0
839,839,0,5f042b1b,1c4cd502,00000000,ffda,000b,9,0016,-2490357,0,0
840,840,0,5f042b1c,1c4cd502,00000000,ffda,000b,a,0017,-2490357,0,0
841,841,0,5f042b1d,1c4cd502,00000000,ffda,000b,b,0018,-2490357,0,0
842,842,0,5f042b1e,1c4cd502,00000000,ffda,000b,c,0019,-2490357,0,0
843,843,0,5f042b1f,1c4cd502,00000000,ffda,000b,0,001a,-2490357,0,0
844,844,0,5f042b1f,1c4cd502,00000000,ffda,000b,0,001a,-2490357,0,0
845,845,0,5f042b20,1c4cd502,00000000,ffda,000b,1,001b,-2490357,0,0
846,846,0,5f042b21,1c4cd502,00000000,ffda,000b,2,001c,-2490357,0,0
847,847,0,5f042b22,1c4cd502,00000000,ffda,000b,3,001d,-2490357,0,0
848,848,0,5f042b23,1c4cd502,00000000,ffda,000b,4,001e,-2490357,0,0
849,849,0,5f042b24,1c4cd502,00000000,ffda,000b,5,001f,-2490357,0,0
850,850,0,5f042b25,1c4cd502,00000000,ffda,000b,6,0020,-2490357,0,0
851,851,0,5f042b26,1c4cd502,00000000,ffda,000b,7,0020,-2490357,0,0
852,852,0,5f042b26,1c4cd502,00000000,ffda,000b,7,0021,-2490357,0,0
853,853,0,5f042b27,1c4cd502,00000000,ffda,000b,8,0022,-2490357,0,0
854,854,0,5f042b28,1c4cd502,00000000,ffda,000b,9,0023,-2490357,0,0
855,855,0,5f042b29,1c4cd502,00000000,ffda,000b,a,0024,-2490357,0,0
856,856,0,5f042b2a,1c4cd502,00000000,ffda,000b,b,0025,-2490357,0,0
857,857,0,5f042b2b,1c4cd502,00000000,ffda,000b,c,0026,-2490357,0,0
858,858,0,5f042b2c,1c4cd502,00000000,ffda,000b,0,0027,-2490357,0,0
859,859,0,5f042b2c,1c4cd502,00000000,ffda,000b,0,0027,-2490357,0,0
860,860,0,5f042b2d,1c4cd502,00000000,ffda,000b,1,0028,-2490357,0,0
861,861,0,5f042b2e,1c4cd502,00000000,ffda,000b,2,0029,-2490357,0,0
862,862,0,5f042b2f,1c4cd502,00000000,ffda,000b,3,002a,-2490357,0,0
863,863,0,5f042b30,1c4cd502,00000000,ffda,000b,4,002b,-2490357,0,0
864,864,0,5f042b31,1c4cd502,00000000,ffda,000b,5,002c,-2490357,0,0
865,865,0,5f042b32,1c4cd502,00000000,ffda,000b,6,002d,-2490357,0,0
866,866,0,5f042b33,1c4cd502,00000000,ffda,000b,7,002e,-2490357,0,0
867,867,0,5f042b33,1c4cd502,00000000,ffda,000b,7,002e,-2490357,0,0
868,868,0,5f042b34,1c4cd502,00000000,ffda,000b,8,002f,-2490357,0,0
869,869,0,5f042b35,1c4cd502,00000000,ffda,000b,9,0030,-2490357,0,0
870,870,0,5f042b36,1c4cd502,00000000,ffda,000b,a,0031,-2490357,0,0
871,871,0,5f042b37,1c4cd502,00000000,ffda,000b,b,0032,-2490357,0,0
872,872,0,5f042b38,1c4cd502,00000000,ffda,000b,c,0033,-2490357,0,0
873,873,0,5f042b39,1c4cd502,00000000,ffda,000b,0,0034,-2490357,0,0
874,874,0,5f042b39,1c4cd502,00000000,ffda,000b,0,0034,-2490357,0,0
875,875,0,5f042b3a,1c4cd502,00000000,ffda,000b,1,0035,-2490357,0,0
876,876,0,5f042b3b,1c4cd502,00000000,ffda,000b,2,0036,-2490357,0,0
877,877,0,5f042b3c,1c4cd502,00000000,ffda,000b,3,0037,-2490357,0,0
878,878,0,5f042b3d,1c4cd502,00000000,ffda,000b,4,0038,-2490357,0,0
879,879,0,5f042b3e,1c4cd502,00000000,ffda,000b,5,0039,-2490357,0,0
880,880,0,5f042b3f,1c4cd502,00000000,ffda,000b,6,003a,-2490357,0,0
881,881,0,5f042b50,1c4cd502,00000000,ffda,000b,7,003a,-2490357,0,0
882,882,0,5f042b40,1c4cd502,00000000,ffda,000b,7,003b,-2490357,0,0
883,883,0,5f042b41,1c4cd502,00000000,ffda,000b,8,003c,-2490357,0,0
884,884,0,5f042b42,1c4cd502,00000000,ffda,000b,9,003d,-2490357,0,0
885,885,0,5f042b43,1c4cd502,00000000,ffda,000b,a,003e,-2490357,0,0
886,886,0,5f042b44,1c4cd502,00000000,ffda,000b,b,003f,-2490357,0,0
887,887,0,5f042b45,1c4cd502,00000000,ffda,000b,c,0040,-2490357,0,0
888,888,0,5f042b46,1c4cd502,00000000,ffda,000b,0,0041,-2490357,0,0
889,889,0,5f042b46,1c4cd502,00000000,ffda,000b,0,0041,-2490357,0,0
890,890,0,5f042b47,1c4cd502,00000000,ffda,000b,1,0042,-2490357,0,0
891,891,0,5f042b48,1c4cd502,00000000,ffda,000b,2,0043,-2490357,0,0
892,892,0,5f042b49,1c4cd502,00000000,ffda,000b,3,0044,-2490357,0,0
893,893,0,5f042b4a,1c4cd502,00000000,ffda,000b,4,0045,-2490357,0,0
894,894,0,5f042b4b,1c4cd502,00000000,ffda,000b,5,0046,-2490357,0,0
895,895,0,5f042b4c,1c4cd502,00000000,ffda,000b,6,0047,-2490357,0,0
896,896,0,5f042b4d,1c4cd502,00000000,ffda,000b,7,0049,-2490357,0,0
897,897,0,5f042b4d,1c4cd502,00000000,ffda,000b,7,0048,-2490357,0,0
898,898,0,5f042b4e,1c4cd502,00000000,ffda,000b,8,0049,-2490357,0,0
899,899,0,5f042b4f,1c4cd502,00000000,ffda,000b,9,004a,-2490357,0,0
900,900,0,5f042b50,1c4cd502,00000000,ffda,000b,a,004b,-2490357,0,0
901,901,0,5f042b51,1c4cd502,00000000,ffda,000b,b,004c,-2490357,0,0
902,902,0,5f042b52,1c4cd502,00000000,ffda,000b,c,004d,-2490357,0,0
903,903,0,5f042b53,1c4cd502,00000000,ffda,000b,0,004e,-2490357,0,0
904,904,0,5f042b53,1c4cd502,00000000,ffda,000b,0,004e,-2490357,0,0
905,905,0,5f042b54,1c4cd502,00000000,ffda,000b,1,004f,-2490357,0,0
906,906,0,5f042b55,1c4cd502,00000000,ffda,000b,2,0050,-2490357,0,0
907,907,0,5f042b56,1c4cd502,00000000,ffda,000b,3,0051,-2490357,0,0
908,908,0,5f042b57,1c4cd502,00000000,ffda,000b,4,0052,-2490357,0,0
909,909,0,5f042b58,1c4cd502,00000000,ffda,000b,5,0053,-2490357,0,0
910,910,0,5f042b59,1c4cd502,00000000,ffda,000b,6,0054,-2490357,0,0
911,911,0,5f042b5a,1c4cd502,00000000,ffda,000b,7,0054,-2490357,0,0
912,912,0,5f042b5a,1c4cd502,00000000,ffda,000b,7,0055,-2490357,0,0
913,913,0,5f042b5b,1c4cd502,00000000,ffda,000b,8,0056,-2490357,0,0
914,914,0,5f042b5c,1c4cd502,00000000,ffda,000b,9,0057,-2490357,0,0
915,915,0,5f042b5d,1c4cd502,00000000,ffda,000b,a,0058,-2490357,0,0
916,916,0,5f042b5e,1c4cd502,00000000,ffda,000b,b,0059,-2490357,0,0
917,917,0,5f042b5f,1c4cd502,00000000,ffda,000b,c,005a,-2490357,0,0
918,918,0,5f042b60,1c4cd502,00000000,ffda,000b,0,005b,-2490357,0,0
919,919,0,5f042b60,1c4cd502,00000000,ffda,000b,0,005b,-2490357,0,0
920,920,0,5f042b61,1c4cd502,00000000,ffda,000b,1,005c,-2490357,0,0
921,921,0,5f042b62,1c4cd502,00000000,ffda,000b,2,005d,-2490357,0,0
922,922,0,5f042b63,1c4cd502,00000000,ffda,000b,3,005e,-2490357,0,0
923,923,0,5f042b64,1c4cd502,00000000,ffda,000b,4,005f,-2490357,0,0
924,924,0,5f042b65,1c4cd502,00000000,ffda,000b,5,0060,-2490357,0,0
925,925,0,5f042b66,1c4cd502,00000000,ffda,000b,6,0061,-2490357,0,0
926,926,0,5f042b67,1c4cd502,00000000,ffda,000b,7,0063,-2490357,0,0
927,927,0,5f042b67,1c4cd502,00000000,ffda,000b,7,0062,-2490357,0,0
928,928,0,5f042b68,1c4cd502,00000000,ffda,000b,8,0063,-2490357,0,0
929,929,0,5f042b69,1c4cd502,00000000,ffda,000b,9,0064,-2490357,0,0
930,930,0,5f042b6a,1c4cd502,00000000,ffda,000b,a,0065,-2490357,0,0
931,931,0,5f042b6b,1c4cd502,00000000,ffda,000b,b,0066,-2490357,0,0
932,932,0,5f042b6c,1c4cd502,00000000,ffda,000b,c,0067,-2490357,0,0
933,933,0,5f042b6d,1c4cd502,00000000,ffda,000b,0,0068,-2490357,0,0
934,934,0,5f042b6d,1c4cd502,00000000,ffda,000b,0,0068,-2490357,0,0
935,935,0,5f042b6e,1c4cd502,00000000,ffda,000b,1,0069,-2490357,0,0
936,936,0,5f042b6f,1c4cd502,00000000,ffda,000b,2,006a,-2490357,0,0
937,937,0,5f042b70,1c4cd502,00000000,ffda,000b,3,006b,-2490357,0,0
938,938,0,5f042b71,1c4cd502,00000000,ffda,000b,4,006c,-2490357,0,0
939,939,0,5f042b72,1c4cd502,00000000,ffda,000b,5,006d,-2490357,0,0
940,940,0,5f042b73,1c4cd502,00000000,ffda,000b,6,006e,-2490357,0,0
941,941,0,5f042b74,1c4cd502,00000000,ffda,000b,7,006f,-2490357,0,0
942,942,0,5f042b74,1c4cd502,00000000,ffda,000b,7,006f,-2490357,0,0
943,943,0,5f042b75,1c4cd502,00000000,ffda,000b,8,0070,-2490357,0,0
944,944,0,5f042b76,1c4cd502,00000000,ffda,000b,9,0071,-2490357,0,0
945,945,0,5f042b77,1c4cd502,00000000,ffda,000b,a,0072,-2490357,0,0
946,946,0,5f042b78,1c4cd502,00000000,ffda,000b,b,0073,-2490357,0,0
947,947,0,5f042b79,1c4cd502,00000000,ffda,000b,c,0074,-2490357,0,0
948,948,0,5f042b7a,1c4cd502,00000000,ffda,000b,0,0075,-2490357,0,0
949,949,0,5f042b7a,1c4cd502,00000000,ffda,000b,0,0075,-2490357,0,0
950,950,0,5f042b7b,1c4cd502,00000000,ffda,000b,1,0076,-2490357,0,0
951,951,0,5f042b7c,1c4cd502,00000000,ffda,000b,2,0077,-2490357,0,0
952,952,0,5f042b7d,1c4cd502,00000000,ffda,000b,3,0078,-2490357,0,0
953,953,0,5f042b7e,1c4cd502,00000000,ffda,000b,4,0079,-2490357,0,0
954,954,0,5f042b7f,1c4cd502,00000000,ffda,000b,5,007a,-2490357,0,0
955,955,0,5f042b80,1c4cd502,00000000,ffda,000b,6,007b,-2490357,0,0
956,956,0,5f042b81,1c4cd502,00000000,ffda,000b,7,007c,-2490357,0,0
957,957,0,5f042b81,1c4cd502,00000000,ffda,000b,7,007c,-2490357,0,0
958,958,0,5f042b82,1c4cd502,00000000,ffda,000b,8,007d,-2490357,0,0
959,959,0,5f042b83,1c4cd502,00000000,ffda,000b,9,007e,-2490357,0,0
960,960,0,5f042b84,1c4cd502,00000000,ffda,000b,a,007f,-2490357,0,0
961,961,0,5f042b85,1c4cd502,00000000,ffda,000b,b,0080,-2490357,0,0
962,962,0,5f042b86,1c4cd503,00000000,ffd9,000e,c,0081,-2555890,0,1
963,963,0,5f042b87,1c4cd503,00000000,ffd9,000e,0,0000,-2555890,0,0
964,964,0,5f042b87,1c4cd503,00000000,ffd9,000e,0,0000,-2555890,0,0
965,965,0,5f042b88,1c4cd503,00000000,ffd9,000e,1,0001,-2555890,0,0
966,966,0,5f042b89,1c4cd503,00000000,ffd9,000e,2,0002,-2555890,0,0
967,967,0,5f042b8a,1c4cd503,00000000,ffd9,000e,3,0003,-2555890,0,0
968,968,0,5f042b8b,1c4cd503,00000000,ffd9,000e,4,0004,-2555890,0,0
969,969,0,5f042b8c,1c4cd503,00000000,ffd9,000e,5,0005,-2555890,0,0
970,970,0,5f042b8d,1c4cd503,00000000,ffd9,000e,6,0006,-2555890,0,0
971,971,0,5f042b8e,1c4cd503,00000000,ffd9,000e,7,0006,-2555890,0,0
972,972,0,5f042b8e,1c4cd503,00000000,ffd9,000e,7,0007,-2555890,0,0
973,973,0,5f042b8f,1c4cd503,00000000,ffd9,000e,8,0008,-2555890,0,0
974,974,0,5f042b90,1c4cd503,00000000,ffd9,000e,9,0009,-2555890,0,0
975,975,0,5f042b91,1c4cd503,00000000,ffd9,000e,a,000a,-2555890,0,0
976,976,0,5f042b92,1c4cd503,00000000,ffd9,000e,b,000b,-2555890,0,0
977,977,0,5f042b93,1c4cd503,00000000,ffd9,000e,c,000c,-2555890,0,0
978,978,0,5f042b94,1c4cd503,00000000,ffd9,000e,0,000d,-2555890,0,0
979,979,0,5f042b94,1c4cd503,00000000,ffd9,000e,0,000d,-2555890,0,0
980,980,0,5f042b95,1c4cd503,00000000,ffd9,000e,1,000e,-2555890,0,0
981,981,0,5f042b96,1c4cd503,00000000,ffd9,000e,2,000f,-2555890,0,0
982,982,0,5f042b97,1c4cd503,00000000,ffd9,000e,3,0010,-2555890,0,0
983,983,0,5f042b98,1c4cd503,00000000,ffd9,000e,4,0011,-2555890,0,0
984,984,0,5f042b99,1c4cd503,00000000,ffd9,000e,5,0012,-2555890,0,0
985,985,0,5f042b9a,1c4cd503,00000000,ffd9,000e,6,0013,-2555890,0,0
986,986,0,5f042b9b,1c4cd503,00000000,ffd9,000e,7,0015,-2555890,0,0
987,987,0,5f042b9b,1c4cd503,00000000,ffd9,000e,7,0014,-2555890,0,0
988,988,0,5f042b9c,1c4cd503,00000000,ffd9,000e,8,0015,-2555890,0,0
989,989,0,5f042b9d,1c4cd503,00000000,ffd9,000e,9,0016,-2555890,0,0
990,990,0,5f042b9e,1c4cd503,00000000,ffd9,000e,a,0017,-2555890,0,0
991,991,0,5f042b9f,1c4cd503,00000000,ffd9,000e,b,0018,-2555890,0,0
992,992,0,5f042ba0,1c4cd503,00000000,ffd9,000e,c,0019,-2555890,0,0
993,993,0,5f042ba1,1c4cd503,00000000,ffd9,000e,0,001a,-2555890,0,0
994,994,0,5f042ba1,1c4cd503,00000000,ffd9,000e,0,001a,-2555890,0,0
995,995,0,5f042ba2,1c4cd503,00000000,ffd9,000e,1,001b,-2555890,0,0
996,996,0,5f042ba3,1c4cd503,00000000,ffd9,000e,2,001c,-2555890,0,0
997,997,0,5f042ba4,1c4cd503,00000000,ffd9,000e,3,001d,-2555890,0,0
998,998,0,5f042ba5,1c4cd503,00000000,ffd9,000e,4,001e,-2555890,0,0
999,999,0,5f042ba6,1c4cd503,00000000,ffd9,000e,5,001f,-2555890,0,0
1000,1000,0,5f042ba7,1c4cd503,00000000,ffd9,000e,6,0020,-2555890,0,0
1001,1001,0,5f042ba9,1c4cd503,00000000,ffd9,000e,7,0020,-2555890,0,0
1002,1002,0,5f042ba8,1c4cd503,00000000,ffd9,000e,7,0021,-2555890,0,0
1003,1003,0,5f042ba9,1c4cd503,00000000,ffd9,000e,8,0022,-2555890,0,0
1004,1004,0,5f042baa,1c4cd503,00000000,ffd9,000e,9,0023,-2555890,0,0
1005,1005,0,5f042bab,1c4cd503,00000000,ffd9,000e,a,0024,-2555890,0,0
1006,1006,0,5f042bac,1c4cd503,00000000,ffd9,000e,b,0025,-2555890,0,0
1007,1007,0,5f042bad,1c4cd503,00000000,ffd9,000e,c,0026,-2555890,0,0
1008,1008,0,5f042bae,1c4cd503,00000000,ffd9,000e,0,0027,-2555890,0,0
1009,1009,0,5f042bae,1c4cd503,00000000,ffd9,000e,0,0027,-2555890,0,0
1010,1010,0,5f042baf,1c4cd503,00000000,ffd9,000e,1,0028,-2555890,0,0
1011,1011,0,5f042bb0,1c4cd503,00000000,ffd9,000e,2,0029,-2555890,0,0
1012,1012,0,5f042bb1,1c4cd503,00000000,ffd9,000e,3,002a,-2555890,0,0
1013,1013,0,5f042bb2,1c4cd503,00000000,ffd9,000e,4,002b,-2555890,0,0
1014,1014,0,5f042bb3,1c4cd503,00000000,ffd9,000e,5,002c,-2555890,0,0
1015,1015,0,5f042bb4,1c4cd503,00000000,ffd9,000e,6,002d,-2555890,0,0
1016,1016,0,5f042bb5,1c4cd503,00000000,ffd9,000e,7,002f,-2555890,0,0
1017,1017,0,5f042bb5,1c4cd503,00000000,ffd9,000e,7,002e,-2555890,0,0
1018,1018,0,5f042bb6,1c4cd503,00000000,ffd9,000e,8,002f,-2555890,0,0
1019,1019,0,5f042bb7,1c4cd503,00000000,ffd9,000e,9,0030,-2555890,0,0
1020,1020,0,5f042bb8,1c4cd503,00000000,ffd9,000e,a,0031,-2555890,0,0
1021,1021,0,5f042bb9,1c4cd503,00000000,ffd9,000e,b,0032,-2555890,0,0
1022,1022,0,5f042bba,1c4cd503,00000000,ffd9,000e,c,0033,-2555890,0,0
1023,1023,0,5f042bbb,1c4cd503,00000000,ffd9,000e,0,0034,-2555890,0,0
